,Title,Description,Postdate,Link
0,추석연휴 군산여행,"​안녕하세요? 이웃님들.추석 연휴 잘 보내고 계신가요?​저는 추석을 맞이해서 군산에 1억짜리 아파트 5채 갭투자하러 왔습니다.​ ​농담이고요.ㅎㅎ 가족들과 오랜만에 여행왔습니다. 시국이 엄중한만큼 방역과 언택트에 신경써서 돌아댕겼구요. ​지인이 고군산군도를 꼭 한번 가보라고 해서 초딩들 인생샷 찍어주러 왔습니다. 군산은 태어나서 처음인데 길도 깨끗하고 차들도 별로 없고 경치도 좋고 맛집도 많고 아주 굿입니다.ㅎㅎ​ ​고군산군도는 여러개의 섬으로 어우러져 있는데 큰 섬들은 선유도, 장자도, 대장도  순으로 길이 잘 연결이 되어있습니다. 섬들을 샅샅이 돌아보고 싶지만 와이프 체력이 딸려 대장도 대장봉에 올라 전체적인 전망만 보았어요. 대장봉에 올라가는 길은 많이 힘들진 않지만 상당히 경사가 가팔러서 어르신들은 조금 힘들어 하시더라구요.초딩들과 저는 무사히 올라갔지만 와이프는 중간에 낙오해서 정상을 찍고 내려오는 저희들를 기다리고 있었습니다.​ ​힘든 대장봉을 내려와 장자도와 대장도 사이에 위치한 바다뷰 카페 라파르에 갔습니다. 이런 위치에 건물을 지어 커피샵을 운영하는 용기가 참 부럽습니다. 커피샵 앞마당엔 바다를 바라보며 커피를 마실 수 있는 테이블이 여러개 마련되어 있구요 점심 전 이른 아침시간인데도 빈자리가 없을 정도로 인기가 많습니다. ​ ​고군산군도에서 나와 추억 여행을 떠나려 경암동 철길로 왔습니다. 실제 기차가 마을을 통과하던 철길을 복원해 관광지로 만든 곳인데요 추억의 뽑기, 달고나와 장난감 등 어릴 적 경험했던 잡동사니들을 판매하고 있습니다. 교복을 대여해주고 기념사진을 찍어주기도 하고요.하지만 수많은 매장들이 모두 똑같은 업종들로 구성되어 있어서 좀 걷다보면 바로 식상해지더라구요. ​ ​군산하면 빼놓을 수 없는 빵집 이성당입니다. 요즘 원산지 허위표기와 여직원과의 분쟁으로 말들이 많지만 빵 맛은... 12년 빵집을 한 사람으로서... 인정합니다. 맛있네요. 많은 사람들이 여전히 줄을 서서 구매를 하고 있습니다. 다만 이젠 연매출 200억원 넘는 대기업(?) 빵집이 되었으니 각종 구설수에 오르지 말고 대기업에 걸맞는 사회적 책무를 보여줬으면 좋겠어요. 가족 회사들이 점점 커지면 꼭 이런 성장통을 겪더라구요.​ ​마지막 코스로 근대역사박물관에 방문했습니다.지역 여행할 때 마지막 코스는 항상 해당 지역의 박물관을 방문해서 초딩들이 여행의 마지막에 뭔가 지식 한조각을 가져가도록 하는데요 군산역사박물관은 아이들 눈높이로 참 재미있게 잘 만들어 놓았습니다.  일제시대 쌀 수탈의 근거지였던 군산의 애환을 실제 역사 자료들과 모형물로 잘 구성했으며 특히 3층에는 근대 거리를 그대로 재현하여 당시 학교, 가게 등을 직접 체험할 수 있게해서 초딩들의 인기를 독차지 했습니다. ​​​이웃님들은 긴 연휴를 아이들과 어떻게 보내시나요?​연휴동안 직장 업무와 주식, 부동산은 잠시 잊고 가족들과 아이들과 리프레쉬하는 행복한 시간을 보내시기 바랍니다.^^​​근데 잠시 짬내서 군산아파트 조회해보니 1억짜리는 없는 것 같습니다.ㅎㅎ​ ",20210919,https://blog.naver.com//PostView.naver?blogId=krisry&logNo=222510893119&from=search&redirect=Log&widgetTypeCall=true&directAccess=false
1,퇴사 후 나홀로 1.5일 군산여행!,"퇴사 후 많은 이들의 버킷리스트는 역시 여행이 아닌가.원래는 지난 달에 다녀온 제주가 너무 좋아서 오빠&엄마&나 셋이 가려고 계획하다가, 타이밍이 잘 안맞아서 빠그러졌다.친구들은 다 일하는 중,,흑흑퇴사하면 뭐하나요 여전히 사람많은 주말에 가야하는 거슬...!그래서 그냥 더 바빠지기 전에 어디라도 가야겠다 싶어 혼자 여행을 결심했다​마침 천안에 갈 일도 있었고, 군산의 고옥이 궁금했고, 노을이 예쁜 서해 바다를 볼 수 있어서 골라봤다!​(스압주의) DAY 01KTX (광명 - 익산 - 군산) - 숙소 여미랑 - 복성루 가려다가 지린성 - 카페 조용한흥분색 - 근대거리 구경 - 차량 렌트 후 철길마을 - 선유도 - 숙소 ​아침 일찍 움직일까 하다가, 빡세게 움직이고 싶지 않아서 느긋하게 9시 37분 차를 탔다. 군산에는 대략 11시쯤 도착했다. 왠지 출장가는 길이랑 비슷..​ 군산 ㅎㅇㅎㅇ역에 도착해서 사진을 찍으면 비로소 실감이 난다.내가 타지에 와있구나!​역에서 약 15분간 택시를 타고 숙소 #여미랑 으로 이동!​  군산은 일제강점기 시절 이루어졌던 근대화 사업의 유산들이 남아있다. 이를 일제의 잔재로 보지 않고 수탈의 아픔과 항거의 열정을 복원했다고 보는 것이 더 적절할 것이다. ​​숙소는 시간여행마을(군산 근대화거리)에 위치해 있었고, 가장 유명한 #복성루 는 걸어서 약 15분 정도 거리에 위치해 있었다.아직 체크인 전이라 짐만 놔두고 뚜벅이여행 시작!  가는 길에 있던 매력적인 가게들 한 손에는 필카, 한 손에는 핸드폰. 백팩과 청바지. 딱 여행객의 패션으로 군산 거리를 누볐다!아참. 복성루를 향해가다가 군산 현지인이 말려주셔서.. #지린성 의 고추짜장덮밥을 추천해주셔서 그리로 이동했다. 하지만 나는 짬뽕을 시켰고. 실패했다!ㅋㅋㅋ(군산이 짬뽕이 유명하다며요)(+현지인 말을 잘 듣자)비주얼은 좋았는데 그냥 짬뽕시키니까 불맛!!!이 안나서 영 별로였다.현지인 픽은 고추짜장덮밥이고요, 짬뽕 드실분은 고추짬뽕으로 시키시길..​ 복성루도 근처길래 궁금해서 간판만 찍어봄.(여담이지만 이 근처에서 지린성 추천해준 지인을 갑자기 마주쳤다 ㅋㅋㅋㅋㅋ 진짜 신기했다)​  복성루를 지나 위치한 독립서점 #조용한흥분색 도대체 뭔뜻인가 했는데 책을 읽을 때 조용히 내적인 흥분이 일어나는 상태를 뜻한다고 한다.여행지에서 책을 사는 것이 관례가 되었다.​ 루미큐브도 있당! 잠시 숨을 고르고, 자전거를 알아보고 다시 출발. 자전거 타고 #경암철길마을 에 갈 예정이었는데.... 20분을 걸어 자전거 대여소로 왔는데.. 반전.!군산엔 자전거도 별로 없고....가장 중요한 건 핸드폰 소액결제만 가능!!!알뜰폰은 자전거 결제가 안된다는 점.. ^^.. 현금도 카드도 안돼용. 엉엉.가능한 알뜰폰이 2개정도 통신사가 있었는데 해당이 안되어서 시간을 낭비했당. 무지 더웠는데 ㅠㅠㅠ여기서 1차 일정이 꼬인다..흑흑(파워 J는 웁니다)​ 다행히 근처 버스가 일찍 오길래 버스타고 다시 숙소로 복귀했다.사진은 관계없긴 하지만 시골버스 배차간격의 위엄에 잠시 압도..​​아래는 숙소 사진!!   1박 39000원! 저렴하게 개인실에 묵었다. 나는 숙소랑 화장실이 같이 있는 곳이 좋아서 요기로 왔당.둘이서 자기엔 조금 협소할 수도?샴푸,린스는 없고 드라이기/비누/생수 2개 제공해주신다.​​일정이 꼬여서 조금 속상했지만 체크인을 하고 부지런히 근대화마을을 둘러보기 시작했당 군산 항쟁관  일본식 가옥여기도 책방. 마리서사. 내가 갔을 땐 3시 이후에 다시 오신다고 했다.​ 좋은 문장들은 마음을 움직인다 내사랑 8월의 크리스마스ㅠㅠ ​ 필름카메라를 파는 자동판매기. 그리고 위층은 뭘까? 왠지 유럽의 한 장면 같아 포착.영화를 참 많이 찍었던 군산.곳곳에 예쁜 가게들이 너무 많다​걷다가 마주친 미술관도 구경해본다  ​ 옛군산세관. 색감이 예쁘다.여행자는 사진찍어줄 사람이 없다 흑흑 ​ 하지만 한국인들 착하다.. 사진찍어준다. 잘찍어준다.. 아담아 네가 어디 있느냐..!! 길을 걷다 마주친 이성당.신관과 본관이 있는데 (사진은 본관)본관에서만 단팥빵과 야채빵을 판다.​  레트로 목욕탕ㅋㅋ 나는 혼자라 많이 못먹어서 하나만 사봤다. 무슨 막노동 후에 먹는 점심같다 군산의 건물은 대부분 묵직한 느낌이다.어두운 컬러의 벽돌이 고급스러운 분위기를 만든다.세월이 지날수록 더 세련되어지는 디자인과 거리의 모습이 과거로의 시간여행이 아니라 미래로의 여행을 하게 하는 것 같다.​​​렌트한 시간이 다 되어서 슬슬 나머지 거리를 구경하면서 차를 찾으러 왔당!원래는 렌트하고 바로 선유도를 갈 생각이었는데, 자전거 때문에 일정이 꼬인 덕분에 ^^ 철길마을을 들렀다가 선유도로 넘어가기로 변경. ​​   철길마을 정도 오니까 왠지 혼자 왔다는 사실이 쓸쓸하기도 하고 (커플이 너무 많아서..ㅎㅎ)사진 찍어달라고 부탁하기도 좀 그래서 그냥 쪼금만 둘러보고 바로 나왔다 ㅎㅎ..혼자 여행의 딜레마랄까..!​ 나홀로 부끄러운 셀피 아무튼 무려 한 시간이나 달려 도착한 이곳은 장자도.생각보다 하늘이 흐려서 아쉬운 느낌..제주도에서도 노을 보기가 쉽지 않았는데,, 오늘도..?!불안한 마음이 커졌다 흑​  아무튼 일몰 명소라는 #라파르 에 도착  입구에서 귀여운 커플분이 사진을 찍어주셔서 감사했습니다..ㅎㅎ​ 노을이 영 안예쁜거같아 혼자 속상해하고 있었는데..​​ 갑자기 이렇게 장관이 펼쳐졌다.군산에서 가장 위로받았던 순간.​ 나의 여행친구!​딱 노을이 다 사라지자 마자 뭔가 섬에는 어둠이 찾아와서 굉장히 무서웠다.좀더 둘러보고 싶었는데 선유도해수욕장만 살짝 구경하고 바로 빠져나왔다.​​​​ 렌트시간이 꽤 남아서 아까운 마음에 #은파호수공원 에도 들렀다.​​ 숙소에 와서는 씻고 GQS 타임ㅎㅎㅎ​ 철길마을에서 산 것들여행지에서 산 책은 왠지 소중하다 ​숙소는 옛날식 집이라 확실히 차음이 잘 안 되었다. 밤새 시끄러워 조금 잠을 설쳤다.그래도 일찍 깨서 부지런히 산책을 나갔당!​​ DAY 02군산월명공원 - 한일옥(무우국) - 팔마예술공간(팔마재1912) - 군산터미널 - 천안터미널 - 단국대 호수공원 - 집 밤 사이 비가 내렸다. 비가 오려고 어제 그렇게 습하고 더웠나보다.​ 귀여운 의자들​군산 월명 공원을 향해 총총  의외로 가파라서 숨이 찼다사진으론 작아보이는데 사실 디따크다​ 뿅군산 전망이 보이는 작은 정자​ 여행지에서 아침 운동은 참 특별한 체험이다. 마치 현지인이 된 것만 같은 기분.  내려오다보니 #말랭이마을 이란게 있어서 구경도 해보고​  가보고 싶었으나 못갔던 #신민회 ㅠㅠ. 다음을 기약하리..​ 떠나기 전 #이성당 들러서 빵도 사주고​ 은중이가 추천해준 #한일옥 에 가서 #무우국 을 먹었다!!! 살짝 짰지만 냉수부어 먹으니 대존맛!!ㅋㅋㅋ​ 10시에는 터미널 근처 #팔마예술공간 1층에 있는 #팔마재1912 카페에 들렀다!오픈시간 맞춰 갔더니 아무도 안계셔서 당황쓰ㅋㅋㅋㅋㅋ사무실에 가서 여쭤보고서야 문을 열어주셨다​  여기선 군산 사는 지인을 만났기 때문에!! 내 사진을 찍어주셨다!! 예!!!!​ 맘에 듭니다​ 게다가 터미널까지 데려다주시고 흑흑 감사해요천안으로 넘어가는 길3시에 온라인 미팅이 있었는데, 생각보다 차가 느리게 돌아가서 살짝 쫄렸다.군산에서 천안가는 직행버스는 2시간 30분정도 걸린다. 어떤 블로그에는 한번 환승하여 1시간 40분만에 가는 방법도 적어놓았으니 참고하시길.암튼 후다닥 들어가서 남의 자취방에서 온라인 미팅을 했다 ㅋㅋㅋ​​ 천안의 하늘은 맑음맑음 ​​  이번엔 천안사는 지인찬스. 맛있는 갈비 사주셨다여긴 갈비도 나오고 샤브샤브도 무제한..!!!죽이랑 칼국수까지 야무지게 먹고 나옴ㅋㅋ​​  단대호수 걷자고 꼬셔~ 의 그 단대 호수에 왔다ㅋㅋㅋㅋㅋㅋㅋ한바퀴 돌면서 이런저런 수달얘기(?) 인생얘기 사는얘기 했다역시 사람은 옛사람인가보다​​+선유도에서 모기를 물렸는데 점점 부어오르더니 아주 팔목이 땡땡 부어버렸다 ㅠㅠ여행 다녀와서 아주 가려워 혼났다​++​나만의 여행스타일을  찾아가고 있는 퇴사 후의 한량이야기 (군산편) - 끝.​​ ",20210928,https://blog.naver.com//PostView.naver?blogId=ahnyr12&logNo=222518997043&from=search&redirect=Log&widgetTypeCall=true&directAccess=false
2,"군산 여행, 삶에 일시 정지 버튼 누르기","​잠 안오니까 군산 2박 3일 여행 포스팅​ 차 끌기 시작한지 얼마 안됐지만용기내서 떠나보는 장거리 드라이브 여행​달리면서 듣기 좋은 노래 1 - 나플라 아이스커피 🥤​ 휴게소 한 번 들리고무사히 수원에서 군산 도착금요일 서해안 고속도로 하행 방향은뻥 뚫려 있어서 오질나게 밟아봤다​ 한일옥전라북도 군산시 구영3길 63 군산 첫 행선지는 역시나 한일옥 아니겠어​ 주말에는 육비가 안된다고 하니육비 하나 비벼봐야지​ 평일 늦은 점심임에도 웨이팅 있음​ 육비 등장2년전에 처음 먹고 반했던 맛​ 원래 무국도 주던거 같은데 아닌가​ 슥삭 비벼서 흡입하구옴​ 마이페이보릿전라북도 군산시 구영1길 38 1층 마이페이보릿 이어서 근처에 있던 마이페이보릿​ 영화관련 소품샵이었음가오나시 살짝 보이는 거 귀요미..​ 도쿄다 도쿄​싱스트리트 오리지널 트랙 음반 사려다가 여행 마지막 날 들려서 사야지 했는데 그 사이에 누가 구매해가심 ㅠ역시 인생은 타이밍​ 군산은 요런 고즈넉한 느낌이 좋단 말이지​ 마리서사전라북도 군산시 구영5길 21-22 독립서점은 못참지​ 내부촬영은 자제해달라고 적혀 있어서슬쩍 구경하다가 읽고 싶었던 이상 날개이음문고 버전으로 구매했다​ 책방 조용한흥분색전라북도 군산시 풍문2길 5-2 책방 조용한흥분색 사전 답사 나옴요​ 구석탱이에 내 책도 있음요마지막 한 부 남았던데 누구한테 선택 될지 ㅎㅎㅎ다 팔려야지 정산 들어가는 시스템이라마지막 한 부 팔리고, 정산과 함께 재입고도 기대해봅니다​ 모 독립서점 사장님이 출간한 소설 하나 구매그리고 다음날 행사 참여에 앞서코로나 자가격리 키트도 미리 받아옴​ 커피도 한 잔 내주셔서 소설 한 챕터 읽고게하 체크인 시간 맞춰서 나옴​ 화담여관전라북도 군산시 평화길 99-3 2년 전에 친구들이랑 머물렀던 군산 화담여관다다미방 느낌의 게하다​ 여전히 느낌 좋구만​ 편하게 쓰는 비용 4만원코로나도 있고 해서 도미토리보다는 1인실에서 편하게​ 1층 중정이 내다보이는 2층 방이다​ 일본 미니멀리즘 사진 보면 딱 이렇게 옷 보관하던데 ㅋㅋ듬성 듬성하게 행거를 채우고 싶다​ 체크인 끝내고 새만금방조제 밟아서 도착한 장자도​ 선유도도 좋지만 장자도로 온 이유는​ 높은 곳에서 바다를 바라보고 싶어서​ 경사가 진심임​ 후 땀난다​장자도 대장봉 들어오다가 일방통행 길에서 앞뒤로 차가 등장해서 진땀을 한 참 뺐는데, 거기에 경사높은 산행까지 겹쳐서 등이 땀으로 범벅쓰..​이번 군산 여행 중에서 가장 어려웠던 운전 시간이었다나머지는 쏘쏘​ ​ 정면 뷰, 우측 뷰​ ​ 바위에 누워서 열 식히기꾸덕하면서도 시원한 바닷바람 좋다이게 인생이지​ 대장봉전라북도 군산시 옥도면 대장도리 1 장자도 대장봉일몰 보기 괜찮음​ 해가 점점 가라앉는 중​ 윤슬 중에 윤슬은 노을 윤슬이지노윤슬 🌄​ 소나무와 함께라면 한 폭의 동양화​ ​ ​ ​ ​ ​ 암만 사진 찍어봐야 눈으로 보는 것만 못하다​ 아쉬움을 뒤로한채 숙소 돌아가기가는데만 50km라서.. 밥도 먹어야하구​ 저도 먹고 싶다구요!!!!​ 안뇽​ 첫 장거리 드라이브 성공300km 넘게 주행한 나를 위해거북이 식탁에서 포장한 파스타 한 입 with소맥​ 혼자먹긴 많다​ 다음날 행사 시뮬레이션​ 다음 날 아침 조식먹으러 가는 길볕 들오는 복도(?)가 참 예뿌네​ 스무스하게 조식 먹고​ 코로나 자가키트 검사하고​ 좋아하는 양말 신고​ 군산 독립서점 조용한흥분색 북마켓 데뷔(?) 후기 🥲📔🏡군산 독립서점 조용한 흥분색에서 개최한 북마켓에 참가했다. 이건 내 첫 북페어였다. 모 작가님께서는 내...m.blog.naver.com 군산 독립서점 조용한흥분색 북마켓 마치고​ 7시간 동안 밥도 못먹고 앉아있던터라바로 칼국수 한사바리 먹고숙소 들어와서 뻗었다​ 마지막 날 아점은 한일옥 소고기무국지린성 고추짜장이랑 고민하다가올라가는 길에 배아프면 골치아프니까깔끔한 소고기무국으로 선택​ 나이가 들었나순대국이나 뼈해장국 같은 육류 왕창 들어간 국밥보다 요로코롬 깔끔한 국이 더 땡긴다​ 한일옥 앞 카페에서(심은하가 한석규 손 갑자기 잡는 장면 떠오른다.. 후..)​ 아아 하나 사들고 수원으로 복귀 고고일요일이라 그런지 차가 쫌 막히더라내려올 때는 두시간 조금 넘었는데올라갈 때는 세시간 넘게 걸린 듯?​달리면서 듣기 좋은 노래 2 - 박재범 요트 ⛵️​ 누나 차는 깔끔하게 세차까지해서 반납쓰 ㅎ​ 마이페이보릿에서 물어온 도쿄 포스터페이보릿 무비인 레옹 포스터는 없다더라.. 아쉽~​오랜만에 혼여 + 처음으로 혼드 성공적 ㅎㅎ  ​예전에는 여행 다녀오면 고민의 실마리를 찾을 수 있었는데, 이제는 여행을 떠난다 해도 고민이 해결되는 게 아니라 잠시 현세의 문제에 일시정지 버튼을 누르는 것 같다. 근데 그 정지 버튼이 도움이 될 데가 있더라.​4번째 군산 방문 역시 성공적 .. 다음은 차끌고 5번째 방문인 단양으로 ..? 🥲​​ ",20210908,https://blog.naver.com//PostView.naver?blogId=qkqnek219&logNo=222499725537&from=search&redirect=Log&widgetTypeCall=true&directAccess=false
3,군산 여행 / 선유도 옥돌슈퍼 방문후기,"오늘은 일찍부터 시간이 되어 가족들과 가까운 군산으로 여행을 와봤어요~~전주에 놀러 오면 언니는 항상 군산을 데려오더라고요.. 지난번에는 시간이 없어서 카페 하나 가고 지린성 짜장면이랑 이성당 빵만 먹었다고... 아쉬웠다며 이번에는 아예 선유도 바닷가로 먼저 달려왔어요! ㅎㅎ​​​ 저는 군산하면 선유도가 제일 먼저 떠올라요~지난번에도 선유도를 갔던 것 같은데 기억이 가물가물..ㅋㅋ 이번에 방문한 곳은 선유도 옥도면에 위치한 옥돌해수욕장이에요!​​​ 해변이 모래가 아닌 옥돌로 이루어져 있는 곳인데요~ 주차장에 주차를 하고 조금만 걸어올라 오면 보이는 바다 풍경! 아이들도 기분이 좋은지 바다를 보자마자 달려가네요 ㅎㅎㅎ 난 귀찮아서 내려가보지도 않음...ㅋㅋ​​ 옥돌 해변의 대표 스폿인 옥돌 슈퍼예요!이곳에서 간단하게 끼니를 해결하려고 해요 ㅎㅎ불판을 대여해 삼겹살을 먹을 수 있다고 하더라고요~ 역시 정보력 대박인 언니와 동생 ㅋㅋ​​​ 슈퍼 앞쪽으로 이런 평상과 파라솔이 세팅되어 있어 이곳에서 바다 뷰를 보며 맛난 식사를 할 수 있는 곳이에요! 그런데 옥돌슈퍼의 자리를 잡는 시스템이 좀... 체계적이지 않아 잘못하면 손님들끼리 얼굴을 붉힐 수 있겠다 싶었어요....​일단 자리를 잡은 후 주문해야 해서 식사를 끝마치고 바다를 보며 가만히 앉아있는 팀이 있길래 혹시 다 드신 거냐고 물어보니 다 먹었는데 조금만 더 앉아있다고 간다고 해서 뭐 잠깐이니까 기다려보자 하고 있는데.. 와.. 뒤에 기다리는 사람들도 많은데 하염없이 본인들만의 시간을 즐기는 걸 보니 막 좋아 보이지만은 않더라고요 ㅎㅎㅎ 뭐.. 그건 본인들 마음이니까 배려를 강요할 수도 없는 거긴 한데.. 좀 그분들의 행동이 안타깝긴 했어요.... 아이고..ㅜㅜ​관광지라 뜨내기손님이 많다 보니 이런 웨이팅 서비스는 아무래도 골치 아프니까 손님들끼리 해결하라는 식의 운영방식은 조금 아쉽더라고요~ 그럼에도 직원분들은 정말 친절했어요! 본인들도 어쩔 수 없다며... 억지로 내쫓을 수도 없고 난처해 보이는 눈치... 😅나는 사장이었을 때 그냥 내쫓았는데 ㅋㅋㅋㅋ서로 배려하며 살아야죠! 누군가가 본인의 이기심으로 인해 손해 볼 수 있다는 사실을 간과하면 안되니까요~​​​​ 암튼 우여곡절끝에 자리를 잡았습니다!자리를 잡고 나니 일어나는 아까 그 커플팀 ㅋㅋ진짜 이러면 안 되지만 얄밉긴 하네요~ㅋㅋ굳이 여행 와서 얼굴 붉히기 싫어 짜증 난다는 언니와 동생을 잘 달래주었지만 저도 그런 사람들 보면 좀 이해가 안 가긴 해요~ 뭐.. 그래도 다들 입장 차이가 있는 거니까 이해해야죠 ㅠㅠ그리고 이건 손님들끼리 해결하려 하면 괜히 큰 싸움 납니다...... 예전에 가게 할 때 다 겪어 본 상황들...​​​ 암튼 자리를 잡았으니주문을 하러 슈퍼로 들어가 봅니다!​​​ 슈퍼 내부는 시골의 일반 슈퍼 풍경처럼 평범합니다~ 음료, 주류, 과자, 라면 있을 건 다 있어요!​​  옥돌 슈퍼의 메뉴판이에요~우리는 컵라면 종류 몇 개랑 삼겹살을 주문했어요!불판은 따로 대여를 해야 하고 기본 반찬들은 따로 주문할 수 있습니당~​​​ 각자 먹을 라면을 골랐어요 ㅎㅎ저는 라면을 안 좋아하다 보니 하나를 다 먹는아이들을 보면 신기해요~​​​ 주문을 하고 자리에 앉아있으니 레트로풍의 상을 가져다 주셨어요~ㅎㅎ 옛날 상~~​​​ 주문을 마친 불판 세트와 삼겹살, 반찬세트를 받아왔어요~ 계단이 높으니 평상까지 조심히 들고 와야 해요!​​​​ 그렇게 도착하고.. 시간이 좀 지체돼서야 평상 위 맛있는 한 상이 차려졌어요!와~ 여기까지 정말 정신이 없더라고요 ㅠㅠ주차부터 시작해서 자리 잡는 것까지...이건 무슨 힐링을 하러 온 건지 고생하러 온건지...ㅋ​​​ 울아부지는 요즘 임플란트 치료 중이라 식사도 제대로 못하고 자매들 중 유일한 먹깨비인 언니와 나만 맛난 식사타임인 듯한 느낌적인 느낌....ㅋㅋㅋㅋㅋ​​​ 와~ 이렇게 바다를 바라보며 밥 먹었던 적이 언제인지... 요즘 너무 집순이모드였어서 밖에 나오니 정말 기분은 좋더라고요~~~​​​​ 삼겹살도 맛나게 익어가고~~​​​ 저 멀리 보이는 데크길... 저기 산책하면 풍경 참 좋을 것 같은데...ㅠㅠ​​​​ 생각보다 이런 알록달록한 파라솔들이 바다 풍경과 잘 어우러져 힙하고 예쁘더라고요~ㅎㅎ​​​​ 울가족 즐거운 한때~ ㅋㅋㅋ날씨가 좀 덥기도 했고 아이들이 덥다며 보채니 어른들은 다들 반쯤 지친 것 같아요........​​​​  그래도 조카들과 아부지가 바다에 오니 즐거워해서 멀리까지 드라이브 온 보람이 있다는!! ㅎㅎㅎ​​​ 이렇게 안내문까지 붙어있는데…식사 이용을 위한 자리이니 계속 머물고 싶으면 식사를 느긋하게 하든가~ (뒤끝작렬...ㅋㅋ)다들 즐겁게 여행 온 건데 괜한 이기심으로 서로 얼굴 붉힐 필요가 있나 싶네요…😅​​  야외에서 밥 먹는 재미가 있어 괜찮았지만 혹여나 괜한 실랑이에 휘말리고 싶지 않다면 좀 생각해 보시길.. 자리 잡는데 눈치싸움해야 하고 주차장이 협소해서 번잡했어요... 그래도 한 번쯤 방문해 보는 건 추천합니다! 분위기는 좋아요👍👍​​​​ 군산 여행 / 선유도 옥돌 슈퍼 옥돌슈퍼전라북도 군산시 옥도면 선유남3길 10 옥돌슈퍼 ​ ",20210929,https://blog.naver.com//PostView.naver?blogId=kem870706&logNo=222521135232&from=search&redirect=Log&widgetTypeCall=true&directAccess=false
4,엄마랑 군산여행 : 뚜벅이 1박2일 여행기,"​​​  2021.08.28(토) ~ 08.29(일)​레트로 여행지로 유명한 군산에엄마와 1박2일 여행을 다녀왔다.​엄마와의 여행은 언제나 그렇듯내 마음에 안정을 준다.​  ​​​☞ 새마을호 1053호 | 용산역 11:52 → 군산역 14:52  ​급할 거 없어. 욕심 없이 가볍게 떠나는 여행이 그렇듯, 12시가 다 되되어 새마을호에 올라탔다. ​나는 여행을 떠날때 계획형이 아니기 때문에 하루 전에야 기차를 예약해서, 사실 표가 없었다. ​새벽부터 일어나고 싶지는 않았기 때문에 쿨하게 늦게 출발하는 기차표로 구입했다.​ ​나는 한국사능력시험 공부를, 엄마를 영어 공부를 하다보니 금방 3시간이 흘렀다.​​  ​​지하철에서 폭풍 검색한 결과에 따르면, 군산에 가면 이성당 빵집에 꼭 가봐야한다고 한다.군산역에 나오니 비가 조금씩 내리고 있었다.​택시를 잡고, 이성당에 가고 싶다고 말씀드렸다.​ ​누가 맛집 아니랄까봐...역시나 줄이 길었다. 그래도 금방 줄어들어 15분~20분 정도 있다가 구매할 수 있었다.​흐음,,,, 맛은,,,,그냥 보통이었다. ​평소 단팥빵을 엄청 좋아하지 않아서 그런가.​  ​배를 채우고 난 뒤, 군산역에서 가져온 지도를 열어보았다. ​​​​추적추적.​우산을 쓰고 이동해야하기 때문에, 주변에 가까운 곳들 위주로 찾아보았다.​​​​​역사를 좋아하는 나에게 안성맞춤인 여행지들로 가득했다.​군산근대역사박물관 , 영화 촬영지, 경암동 철길마을 등등… 일본의 만행을 아직도 고스란히 느낄 수 있는 곳들이 많았다.  ​왜 군산에 일본식 건물이 많은거에요?군산에 도착해 택시아저씨한테 물었다.​“군산에 큰 항구가 있잖아~ 거기에 전라도의 곡식 다 가져갈라고 그랬지”수탈을 위해 군산에 거점을 잡았던 일본🥷🏻​군산을 여행하는 내내 일제강점기 시절의 힘들었던 모습이 생생하게 보여서 마음이 너무 아팠다. ​역시 역사를 잊은 민족에게 미래란 없다.​ 일제강점기 시절 일본 군들이 전라도의 곡식을 수탈해가는 모습을 모형으로 만들어놨다. 그 당시 우리나라도 못살아서 곡식이 얼마나 소중했던 시절인데... 이걸 수탈해가다니... 정말 아무리 생각해도 화가 난다. 역사를 기억하고 다시는 그런 일이 반복되지 않도록 해야한다😡😡😡곡식 지개를 지는 체험이 있어 나도 해보았다. 😢😢😢무겁구운,,,,!!​​​​​​  ​​​​​​​ 군산 골목골목을 걷다가 발견한 <한신 88 맨션>창문이 너무 커서 인상적이어서 네이버 부동산까지 찾아봤다.나는 버티나무 감성이 왜 이렇게 좋을까. 군산 특유의 레트로 감성과 어울러지니 더 마음에 들었다.군산 해망굴에 도착했다.오른쪽 사진을 보면, 전쟁 중 생긴 총알의 흔적들을 볼 수 있다. ​[해망굴이란]​식민지 수탈의 기지가 된 군산이 최고의 무역 호황을 누리던 시기에 해망동과 중앙로를 연결하기 위해 1926년에 건립되었다.일제강점기 당시에는 군산신사와 신사광장, 공황당, 도립군산의료원, 은행사택, 안국사(현 홍천사)등이 인근에 자리하고 있어 사람의 통행이 빈번한 교통의 요충지였으며, 한국 전쟁 중에는 안전을 확보할 수 있었다는 이유로 북한군 지휘본부가 터널 안에 다리하게 되어 연합군 공군기의 공격을 받았던 역사의 현장이기도 하다.​ 군산에 오면 빼놓을 수 없는 사진 포인트. <초원사진관> ​엄마랑 둘이 찍은 사진이 없었는데, 다른 분 사진을 찍어드리니 우리도 찍어주시겠다고 하여 낼름 찍었다. ​​​​​  ​​​ 라마다 군산 호텔 - 전북 군산시 대학로 400- 디럭스 더블룸​택시를 타고 숙소에 도착했다.​라마다 호텔은 깔끔해서 좋다. 엄마랑 나는 호텔에 오면 편하게 TV를 보다가, 늦지 않은 시간에 잠이 든다.​다음날 늦잠 자는건 언제나 나 혼자다.​언제쯤 엄마랑 같은 시간에 일어날까...😳​  냉장고에 있는 음료와 과자들을 그냥 먹어도 된다고 안내해주셔서 맥주 한 잔을 더 했다. 숙소에서 샤워하고 나서 마시는 맥주 한잔은 언제나 나를 더 개운하게 만들어준다.​​​​​  ​​​​​ 🔍둘쨋날의 군산여행은나에게 영감을 주는 것들이 더 많았다 => 더 좋았다는 뜻​​ 군산에서 유명한 일본식 가옥. 내부는 못들어가게 되어있는데, 휴대폰을 유리창에 가까이 대고 찍었더니 내부 모습이 보였다. 이런 입구..... 맘에 들어.....☆엄마랑 여행을 가면 거울샷을 자주 찍는다. 이유는 찍어줄 사람이 없쯔니까아~~~~~ 그래더 엄마 사랑해 ♡ 나는 이 감성이 더 죠아여행을 가면 굿즈샵을 빼먹지 않고 들른다. 군산에서도 예외는 아니었다. 요 마스킹 테이프 살껄... 왜 안샀을까....ㅠ^ㅠ군산의 모습을 감성적으로 찍은 사진 모음... 나 이런거 죠아해요 LP판 너무 예쁘다. 그래서 사다 디피해 두셨겠지.군산 포스터를 옷걸이에 걸어두시다니... 내 갬성 건들이심.그 근처에 있던 카페집. 외관이 너무 예뻐서 들어가고 싶었으나, 다음을 기약하며..!  친환경 샵도 갔었는데, 뚜껑을 색별로 모아두신게 너무 예뻣다.담쟁이 덩쿨 녀석은 왜 이리 귀여운 걸까.​​​​​  ​​​​ 그러고 나서 엄마랑 어떤 옷 가게에서 쇼핑을 엄청했다. ​엄마랑 나랑 모두 만족한 상태로 나옴 ㅋㅋ​​​ 그리고 우리의 마지막 여행지철길마을로 이동했다.​​​​​​ 요기에 오면 교복을 꼭 입어줘야지~ ㅎㅎ 엄마랑 완전 신남또 굿즈샵... 나 굿즈 좋아해꺅 . 달고나 만들기 체험!!!! 정말 살까 말까 고민하다가 안삼.흐으.... 체험을 안하고 넘어갈 수 없찌. 당장 자리를 잡았다.엄마랑 나랑 번갈아가면서 체험중 우리 엄마... 너무 귀여워서 박제하려고 올림유. ​​​​  여기 추억의 물건들 왜 이렇게 많이 파나여... 정말 시간 가는줄 모르고 구경했어요 ​​​​​​ 귀여운 우리 모녀 👧🏻👧🏻 ​​​​​​​ 이외에도 재밌는 게임들이 많았다 ㅋ̆̈ ㅋ̆̈ 미꾸라지 게임이라니 추억의 굿즈들…🤭  ​​​​ 나만 보기 아까운 사랑스러운 우리 엄마♥️ ​​​​​  교복까지 입었는데 사진으로 남기고 싶어서 스냅 사진도 찍었어요!!ㅎㅎ ​​  ​​ ​​​  ​​☞ 무궁화호 1564호 | 군산역 17:15 → 용산역 20:37 엄마와 함께 행복했던 군산 여행. 끄읕  군산 BYE ",20210923,https://blog.naver.com//PostView.naver?blogId=sungyoung2c&logNo=222513551770&from=search&redirect=Log&widgetTypeCall=true&directAccess=false
5,[2021 여름휴가] 군산 1박 2일 여행,"#군산여행 #군산1박2일 #지린성 #라파르 #선유카페 #군산 #장자도 #선유도 #군산횟집 #군산맛집 #어부네포차 #군산카페 #라마다호텔 #은파호수 #군산호텔 #군산일식 #공감선유 #국내여행​몇년 전에 슬이랑 갔다온 군산여행!!초원사진관, 이성당, 근대역사박물관, 철길마을 등슬이랑 군산에서 즐거운 시간을 보내고 왔었는데.. 이번 군산여행은 어?? 어?? 군산이 이런 곳이였어?우왕 군산 넘 이쁘다!!! 하는 새로운 매력을 발견하게 된 여행이었다😍​지난번에 가지 못해서 넘넘 아쉬웠던 지린성으로 바로 고우🚙아침 9시쯤 서울에서 출발했는데 차가 좀 막혀서지린성에 12시반쯤 도착했다. 토요일 점심이여서 줄이 꽤 길었다(건너편에서 기다리며 찍은 사진)군산에 사시는 언니부부가 먼저 도착하셨는데그래도 지린성이 회전율이 빠른 편이라 이정도면 길지 않은 편이라고해서 기다리기로 했다.언니네는 사실 복성루가 더 맛있었다고 했는데내가 계속 지린성 가고싶다고 얘기했기때문에 기다려주신듯 했다..♡ 한 2,30분 기다렸다가 들어가니 오분만에 미리 주문했던 매운 짜장이 나왔다.양념이랑 따로 나왔는데 양념이 진짜 푸짐했다.(언니네 부부는 일반 짜장을 시켰는데 일반 짜장은양념&면 같이 나온다) 매운 짬뽕면은 너어어무 매울거같아서짬뽕밥으로 도전했는데와 속풀리는 매운 맛!!속 쓰린 정도까지는 아니였고 맛있게 매웠다. 면이랑도 같이 한번 찍어주고~양념이 많아서 좀 덜어냈다가 밥이랑도 비벼먹었다. 일반 짜장면에다가 고춧가루뿌린 맛하고는 또 다르게매우면서도 건더기가 알차서 너무 맛있었다.기대가 커서 실망하지 않을까 싶었는데담에 군산여행하면 또 기다렸다가 먹고싶을 정도로대만족!! 지린성에서 차로 20분정도로 가서 도착한 공감선유주차장에 이미 차들이 꽉 차있는 거보니군산의 핫플 카페이구나 싶었다. 언니가 현지인들이 찾아가는 카페라고 알려주셨다!!(외관부터가 모던한 느낌으로 규모가 엄청 컸다) 커피맛도 괜찮았고 치즈케이크도 완전 찐듯하니 맛있었다. 이 카페는 갤러리 카페라서 소품, 그림 등 볼거리가 많았고 큰 창 밖에는 요런 숲뷰여서 숲멍때리기도 좋았다. 건물이 여러개라 건물 사이에 있는 연결통로인데카페안에서 보고있다가 사람없을때 후딱남편이 카페안에서 찍어줬다ㅋㅋㅋ 요런 대나무산책길도 있고!!날이 덜 더웠으면 한적하게 산책도 하기 좋았을텐데요 날은 너무 더운 날이라 아주 후다닥 둘러보았다. 그리고 도착한 군산 라마다 호텔.....후우우 호텔 체크인 한 시간이 3시반이었는데객실청소가 안됐다면서 30분 넘게 기다려야된다고 해서무슨소리냐 세시 체크인 시간인데  이러면서 따졌더니숲뷰를 대부분 원해서 그 방 배정해주려고 그런건데숲뷰 아닌 방은 지금 들어갈 수 있다 그러더니....그 사이 청소가 된 다른 방이 있던 건지 결국 숲뷰 있는 방으로 배정해줬다(체크인이 한 10분이상 걸렸는데.. 요게 결국 체크아웃할때까지 문제로 이어졌다) 숲뷰가 좋긴했지만 딱히 우리에게 중요했던 것은 아닌데체크인할때 저렇게 시간잡아먹고 다음날 체크아웃할때는 내가 이중결제해서 환불해줄테니어제 결제한 카드를 달라고 했다.난 어제 결제한 적이 없고 숙박앱에서 예전에 한게 다고거기서 결제했다는 카드번호는 나한테 있지도 않은거다 이러니 그럼 CCTV 다시 볼테니 또 기다려달라고...뒤에 내가 일정이 있으니 보고 CCTV보고 연락달라고 했더니 확인이 된 건지 결국 연락은 없었다.룸상태는 나쁘지않았는데 계속 실수하는 듯한 태도에썩 만족스럽지는 않았다. 저녁에 가족들과 간 군산일식!완전 고급스러운 느낌이었고 실내는 룸으로 되어있었다. 코스가 A,B,C 있는 거 같은데 우리가 C인가??언니네가 사주셔가지고 가격은 모르겠지만비싼 코스였던 거 같다. 음식이 진짜 끝도 없이 나옴ㅋㅋ 요런 식전삼도 나오고 보통 코스로 나오는 거는 양이 조금씩 많이 나오는데여기는 나오는 거마다 양이 많아서아 이게 메인인가?? 싶으면 뒤에 또 메인이 나왔다. 가운데가 랍스터회였는데 이것도 넘넘 맛있었다. 스테이크랑 전복버터구이도 나오고 게장도 나오고 사진엔 다 없지만 생선찜이랑 미역국, 튀김, 장어구이, 누룽지탕,랍스터찜까지 진짜 배터지게 맛있게 먹었다. 술은 언니네 있던 샤토네프 뒤 파프 가져가서 마셨는데역시 좋은 음식에는 좋은 술..♡다먹고 근처에 있는 은파호수공원까지 산책하는 걸로이 날 마무리!! 다음날 아침 체크아웃이 좀 지연됐지만..그래도 11시 좀 안되서 도착한 카페 라파르!여기도 엄청 인기있는 곳이라 좋은 자리 잡으려면일찍 가야된다고 한다.다행히 우리가 갔을 때 꼭대기층 창가자리에 있던사람들이 일어나셔가지고 실내에 자리를 잡을 수 있었다. 이게 창가에서 찍은 뷰😍뷰도 좋고 한라봉크림라떼가 너무 맛있었다.요즘 크림 올라간 음료는 좀 느끼하고 너무 달아서 안마셨었는데 여기 베스트 음료라 시켰더니크림이 진짜 맛있어서 끝까지 쭉쭉 빨아마셨다. 요기는 밖에 벤치에서 찍은 사진날이 좀 시원하면 바깥자리도 좋은 듯  지난번에는 군산에 무슨 섬이 있는지도 모르고 갔는데 이번에 장자도 &선유도가 진짜 와야하는 곳이었구나깨달았다.  선유도에 있는 어부네 포차수산물센터에 수산시장처럼 가게들이 쭉 늘어져있는데가게마다 시킬 수 있는 메뉴가 조금씩 달랐다 일단 물회랑 회덮밥 양이 혜자스러웠고 회세트 작은 것도 시켰는데 이것저것 주시는 게진짜 많았다. 전날도 많이 먹었는데... 또 많이 먹음ㅋㅋㅋ 마지막 칼국수로 마무리!! 이렇게 1박 2일 군산여행을 알차게 보냈다💯​다음에 군산 여행을 또 한다면...이번에 갔던 곳 다시 또 갈듯한(호텔빼구) 아주만족스러웠던 여행👍 ",20210820,https://blog.naver.com//PostView.naver?blogId=starry0824&logNo=222478018861&from=search&redirect=Log&widgetTypeCall=true&directAccess=false
6,2021. 4월의 군산여행 기록,"​아이폰 용량이 가득 차서 사진 정리하다가군산여행에 대한 기록이 없는 것 같아서..짧게나마 이미지로 남기는 군산 기록 ㅋㅋ​친구랑 오랜만에 여행가자고 하고벚꽃시즌 노리고 간건데 생각보다 너무 늦어져서벚꽃은 하나도 없었지만 나름 즐거웠던 군산!​부산에서 가기가 조금 멀기는 한데,도시가 크지 않고 딱 1박하기 좋아서짧게 다녀올 수 있는 곳으로 추천~​도대체 경상도 전라도 기차는 언제 생길런지  ​친구는 서울, 난 부산에서 출발해서 군산에서 만남!​사실 .. 몇달이나 지나서가게명이나 이런건 거의 생각 안나지만군산가면 다들 비슷하게 가잖아요​ ​만나서 지린성부터 가줍니다군산=지린성.. 국룰같은 코스완전 점심시간이 아니었는데도이미 줄이 한그득 서있더라돈 많이 벌겠어요 사장님..​사회적거리두기로 띄워서 서달라고는 하시는데사람들 그런거 말 잘 안듣는다옆에 아이스크림 가게가면 테이크아웃으로좀 더 빨리 먹을 수 있다고는 하는데..​가게도 크고 요리메뉴가 없으니식사하고 빨리 빠질 것 같아서 기다렸는데한 30분정도 안걸린것같다 ​입구 입장전 미리 주문한다스피드가 생명!!!!!!!!!!!!우리는 고추짜장하나에 일반 짬뽕 하나!고추짬뽕도 궁금했지만 둘다 매우면맵찔이인 친구가 힘들것같아서 ㅋㅋ​ ​이게 그 유명한 지린성의 고추짜장~예!~~~~~~~~~~~~~~~~​메뉴 주문하면 엄청 빨리나오고고기나 건더기가 큼직큼직하고고추의 맵싹함이 싸악 입맛을 사로잡는..아 보니까 갑자기 배고프다 ㅠㅠ​ ​고추짜장만큼이나 너무 맛있었던 짬뽕..해물맛이 엄~~~~청 많이 나고국물이 시원~~~~~~~~~~해서약간 해물탕 먹는 느낌??​부산에서 먹던 텁텁한 짬뽕이 아니라진짜 개운깔끔시원한 짬뽕.........존.맛.​사실 고추짜장남은거에 밥까지 비비고싶었지만배도 부르고해서..​​ ​군산 구경​군산은 일제시대에 전라도의 쌀들을 수탈하기위해일본이 들어와서 많은 것이 일본풍이 많다색다르면서도 참 마음 아픈...​ ​군산엔 벚꽃대신 겹벚꽃이 피었었고막 시작된 봄에 푸릇푸릇함이 가득​ ​대부분 도보로 이동이 다 가능하고가는 길이 예뻐서 좋았다​ ​그리고 너무 좋아하는 초원사진관 영화속의초원사진관 촬영도 여기서 했다​한석규와 심은하가 금방이라도 나올 것 같은..입구에서 인증샷을 다들 찍고..물론 나도 찍음.. ​이떄쯤의 한국영화 분위기를 너무 좋아한다봄날은간다, 8월의 크리스마스두 영화를 특히 좋아하는 듯..자극적이지도 않고 욕설도 없고조용하게 흘러가는 따뜻한 분위기 ㅠㅠ요즘 영화들은 다 너무..자극적..​ ​안에 구경도 간단하게 했는데 여전히 영화속느낌을살려놓은게 참 좋았던 ㅋㅋ​​ ​앞에 이렇게 달고나도 해먹을 수 있는작은 가게? 노점상이 있다 ㅋㅋ우리 지역에서는 어릴때부터 쪽자라고 했는데..​ ​그리고 그~ 유명하다는 이성당에 가서 빵을 삼밖에까지 줄을 서서 약간 순차적으로 입장해서 삼..​야채빵이랑 단팥빵을 샀는데 둘다 맛있었다!이건 1인 5개씩 각각 살 수 있는데친구랑 맛보는거라 그냥 2개씩만 간단히 샀다​빵이 약간 촉촉보들한 느낌?야채빵은 고로케같은 느낌이고단팥빵은 팥소가 많이 안달았던 것 같은데​ ​중간에 산 너무 귀여운 양말 ㅋㅋ그리고 숙소에서 친구랑 좀 쉬다가 회먹으러 !​회를 어디가서 먹을까하다가대충 네이버지도 보고 어딘가에 가자고 하고택시를 타고 출발했는데, 택시기사님이거기는 별로라고 자기 아는 곳 소개해준다며막 가게 사장님한테 전화까지해서..잘 부탁드린다고 하고 데려가주심 ㅋㅋㅋㅋㅋ​근데 가게 이름이 군산이 아니라다른 지역이름이라 웃겼는데어디였는지 기억이 잘 안남..​ ​2인 코스로 먹었는데 해산물도 나오고 맛있었다서빙해주시는 분이 처음엔 좀..싸가지인 줄 알았는데 홀에 있는 남자들이추파나 헛소리 던지는거보고 그러는 이유 알았다..우리한텐 엄청 잘해주더라고......ㅋㅋ​ ​다 먹고 가게 앞에 다리도 구경~그리고 숙소에 택시타고 가서..숙면   다음날 아침에 일찍 철길마을 갔다오기로!​ ​예전에 이 철길 보고 너무 가보고싶었는데군산 가기가 참 애매해서 못가다가이번에 가봤는데 정말 길은 좁고 사람이 많음 ㅠ  ​불량식품도 사먹고 친구는 달고나도 했다 ㅋㅋ그리고 다시 버스타고~ 메인 여행로드로 왔는데어제 봤던 초원사진관 앞으로 왔다​ ​어제는 밴드 공연해서 못봤던..심은하가 타고다니던 차도 구경하고..여기에 온 이유는 바로 한일옥!​ ​유명인 싸인도 많고 맛있는녀석들도 다녀간소고기무국 맛집인데....... 하 아직도 생각나는맛​ ​경상도는 소고기무국에 콩나물이랑 고추가루 넣어서얼큰하게 먹는게 일반적인데이렇게 하얀 소고기무국 처음 먹어봐서 떨림..반찬도 너무 맛있다 ㅠㅠ 김치랑 김이랑 ㅠㅠ ​국물이....국물이 끝내줘요.......쓰면서 침고임.......... 진짜 뜨끈하게 한입 먹어주면 몸이 사르르~​심지어 여기는 국을 리필까지 해줘서....먹고 한뚝배기 더마심.......내가 군산에 가면 이 소고기무국때문임 ㅠㅠ넘넘맛있어 미쳐버린맛..   또 먹고싶어요.........​ ​그리고 카페 살짝 가줌..​ ​군산은 대체적으로 과거 느낌이 아주 많이남아있는 도시인데 그게 특색인듯근데 그 특색이 다 일본풍이라는게 참 슬프지만어떻게 보면 그런 수탈의 기억을 남겨두는 것도좋은 방법인 것 같다​그리고 그런 건물들을 역사 안내 등이나박물관으로 쓰고 있어서 그 점도 좋았다사진엔 없지만 여러군데의 박물관이나기념관들을 방문했는데 마음이 아팠다 ㅠㅠ​ ​아무튼 4월의 군산여행은맛있는 거 잔뜩 먹고 잘 걷고 그랬다포스팅할 계획도 없었어서 사진도 많이 없지만뭐든 기록하는거에 의의를 두기 위함​​ ",20210917,https://blog.naver.com//PostView.naver?blogId=lesu0&logNo=222508828003&from=search&redirect=Log&widgetTypeCall=true&directAccess=false
7,"[군산여행] 2박3일 군산여행 3일차(이성당, 스테이블, 군산카... "," GUNSAN / SEONYU ISLAND DAY 3 2박 3일 군산, 선유도여행 3일차 :   이성당, 스테이블, 카페 틈   안녕하세요! 오늘은 군산여행 마지막 날 제가 방문했던이성당, 스테이블, 카페 틈 후기를 남겨보겠습니다.마지막 날 제일 먼저 방문한 곳은 스테이블이었는데요.웨이팅이 너무 길어서 웨이팅리스트에 이름을 올려두고 집에 들고 갈 군산여행선물용 빵을 사기 위해 이성당을 다시 한번 더 방문했어요!!​ 이성당전북 군산시 중앙로 177이성당전라북도 군산시 중앙로 177 이성당 군산 이성당영업시간 : 08:00-22:00(하계)                 08:00-21:00(동계)대표메뉴: 단팥빵, 야채빵특징: 예약,택배 가능​​  제가 방문한 날은 토요일이었는데,이성당 또한 웨이팅이 꽤 길어서 놀랐어요역시 전국3대빵집의 위엄인가요👍​ ​(본관 사진은 전날 찍은 사진이니 참고해주세요)이성당에 가면 본관과 신관이 나뉘어 있는데,이성당 본관에서만 그 유명한 단팥빵과 야채빵을 살 수 있어요그래서 신관은 줄이 없지만 본관은 줄이 꽤 서있더라구요.저는 약 10분정도 웨이팅했던 것 같아요😭혹시 주말에 가실 분들은 웨이팅 감안하고 가셔야 할 것 같네요​​  ​​아름다운 빵의 모습에자타공인 빵순이인 저는 정말 행복해졌어요야채빵과 단팥빵은 직원분들에게 개수를 말하면직원분께서 트레이에 얹어주시고나머지 빵들은 직접 집게로 집어 올리면 되더라구요단팥빵과 야채빵만 생각하고 갔는데생각보다 빵종류가 다양하고 다 맛있어보였어요!다만 빵들이 다 오픈되어있어서 청결 걱정과 코로나 걱정은 좀 되더라구요🥺​​ ​​제가 구매한 빵의 양 😅저는 군산여행선물로 가족들을 위해 단팥빵과 야채빵 위주로 샀는데가족이 워낙 많아서 양이 꽤 많았네요근데 집 들고가는데 무거워서 넘 힘들었어요ㅠ.ㅠ그래도 가족들이 맛있게 먹는 모습을 보니 좋더라구요택배도 된다고 하니 무거운게 걱정되는 분들은택배 이용하시면 좋을 것 같아요!​​  ​빵 뿐 아니라 케익, 쿠키들도 종류가 다양했는데요.군산여행선물로 사는 것도 좋을 것 같아요이성당은 워낙 유명해서 뭔가 여행선물로 가져가기 좋은 느낌?다만 아쉬운 건 단팥빵이랑 야채빵 포장이 생각보다 부실해서 아쉬웠어요미리 주문한게 아니라 그런지 박스포장이 아니라비닐에 넣어서 쇼핑백에 넣어주더라구요.성심당처럼 미리 박스로 5개정도 포장되어있으면 좋을 것 같다는 생각이 들었어요...!​가족들과 저의 단팥빵, 야채빵 후기를 말씀드리자면저희 가족 입맛에는 단팥빵이 더 맛있었던 것 같아요!적당히 달달한 팥이 듬뿍 들었고 빵도 담백하니 맛있었어요.야채빵도 맛있었는데 뭔가 야채호빵 먹는 느낌?!저는 달달한 단팥빵에 흰우유 조합이 넘 좋았어서다음에 군산을 또 같다면 단팥빵을 더 많이 살 것 같네요​​ 스테이블전북 군산시 명산길 12 1층스테이블전라북도 군산시 명산길 12 1층 군산 스테이블영업시간 : 월~토 11:00-15:00(라스트오더 14:00)특징 : 예약안됨, 주로 런치만 운영​​​이성당 가기 전 스테이블 웨이팅리스트에 이름을 올려뒀는데요.군산 이성당에서 빵을 사들고 차에가서 기다리니스테이블에서 연락이 왔어요 !총 30-40분정도 기다렸던 것 같아요역시 군산 핫플, 군산 인스타 맛집 인정...주말에 가시는 분들은 꼭 서두르시길 바랄게요!​​​  ​​​가정집을 개조해서 만든 느낌의 군산 브런치카페 스테이블갬성 넘치게 꾸며져 있더라구요! 사람이 많아서 내부 인테리어는 찍기 어려웠네요내부도 너무 예쁘게 꾸며져있어서커플이나 여자끼리 여행가는 분들께 추천할 만한 공간💕다만 골목에 있는데 주차장은 따로 없어서주차는 알아서 해야한답니다(스테이블 앞에 자리 없으면 명산시장공영주차장 추천)​​​ ​​창가자리에 앉아 소심하게 사진을 찍어보았어요근데 다만 이날 정말정말 더운 날이었는데창가자리라 더 더웠어요ㅠㅠ에어컨이 있지만 그렇게 시원하지 않아서 아쉬웠네요​​ ​​스테이블 메뉴는 시즌마다 바뀐다고 하더라구요!제가 주문한 건 계절샐러드와 치즈, 사워도우 및 볼로네제그리고 아메리카노와 에이드를 주문했어요​​  ​​군산 스테이블 별점은 ? ★★★☆ 스테이블에 대한 솔직후기를 남기자면내부 인테리어나 분위기는 정말 예뻤지만솔직히 맛은 기대했던 것에 비해 아쉬웠어요자극적이지 않고 정성스러운 느낌이긴 하지만  맛은 좀 심심한 느낌이었네요특별히 맛있다, 가성비 좋다는 느낌은 없었어요🥲개인적으로 굳이 군산여행가서 들러야 하는 맛집까지는 아니라는 생각이 들더라구요 서울에 유명 브런치 가게 가는게 더 좋을 듯해요...제 개인적인 느낌이니 참고만 해주세요!​​​ 카페 틈(TEUM)전북 군산시 구영6길 125-1틈전라북도 군산시 구영6길 125-1 ​군산카페 틈영업시간 :  10:00-21:00​식사를 하고 마지막으로 들른 곳은 카페 틈!군산여행가기 전 부터 사진을 보고너무 예뻐서 꼭 가보고 싶었던 카페였어요.​​  ​​담쟁이덩굴로 둘러싸인 카페의 모습 : )초록초록하니 넘 예뻤어요포토스팟인지 사람들이 입구에서사진을 많이 찍더라구요 ​​ ​​​저도 일행에게 부탁해서 한 컷 찍었답니다근데 이날 정말 뜨거웠어서 저 의자에 앉았다가엉덩이 화상입을 뻔 했어요😂여름에 가시는 분들은 조심하시길ㅋㅋ​​​ ​​군산카페 틈은 일제시대때 미곡창고로 쓰이던 건물을개조해서 만든 곳인데요그래서 그런지 빈티지 감성이 느껴지는 카페랍니다.들어가면 2층으로 올라가는 나무 계단이 있고이렇게 위에서 1층이 내려다보이는 구조에요사람이 역시나 넘 많아서 사진이 없네요ㅠㅠ​​ ​​​저는 아인슈페너와 헤이즐넛라떼를 시킨걸로 기억하는데솔직히 맛은 쏘쏘였던 것 같아요기억에 남을 맛은 아니고 그냥 나쁘진 않을 정도?​​  ​​다만 1층에 안쪽 문을 나오면 이런 공간이 있는데너무너무 예쁘더라구요정말 더운 날씨만 아니면 여기서 먹고 싶었어요ㅠ.ㅠ사진도 정말 예쁘게 나오고겨울이나 가을에 사람 없을 때 와서따뜻한 커피를 마시며 평화롭게 쉬고싶은 느낌이었어요이 날은 너무 사람이 많아서 좀 많이 아쉽더라구요 ​​ ​​개인적으로 군산은 여름보다는 겨울에 여행하기 좋은 곳인 것 같다는 생각이 들었어요!겨울 감성과 어울리는 느낌이랄까...군산 유명한 음식들도 겨울에 먹으면 더 좋을 메뉴들인 것 같구요다음에는 겨울에 한번 더 방문해보고 싶네요!그래도 지난 군산여행 때 못갔던 곳들도 많이 들러서 좋았고여름에 정말 좋은 추억을 하나 더 만들고 와서 행복했네요이렇게 군산 2박 3일 여행은 끝이 났답니다 : )  ​ ",20210829,https://blog.naver.com//PostView.naver?blogId=jk3559&logNo=222488314544&from=search&redirect=Log&widgetTypeCall=true&directAccess=false
8,[전북 군산여행] 사진찍기 딱좋은 대장봉 바다뷰,"사진 한 장 남기겠다며 찾아가, 기대 이상의 뷰를 만나고 돌아왔던 국내여행지전북 군산시 고군산군도의 대장봉을 소개합니다. 서울에서 군산 시내까지는 200km. 여기서 50여개의 섬이 모인 전북 군산시 옥도면 고군산군도까지는  다시 자동차로 1시간 정도 걸립니다. 새벽에 출발해서 조금은 숨가쁘게 다녀야 했지만, 군산을 거쳐 대장봉 등산까지 하루만에 다 마치고 서울로 돌아올 수 있었던, 작년 11월의 여행기록입니다. ​글순서▷ 고군산군도 찾아가는법 - 장자도 주차하기 ▷ 대장봉 올라가는법 & 소요시간      ① 등반루트 1 - 대장봉 뒷길     ② 정상에서 본 풍경 & 포토존    ③ 등반루트 2 - 할매바위 루트▷ 새만금 방조제의 석양  1. 장자도 주차장 찾아가는법육지인 비응항에서 새만금 방조제를 지나 신시도와 단등도, 무녀도를 차례로 거치고, 마지막으로 선유도에서 장자대교를 건너면 도착하게 되는 장자도가 일반차량이 들어갈 수 있는 마지막 지점이다. 대장도까지 차가 못 들어간다고 해서 걱정했는데 알고보니 장자도와 대장도는 불과 백여 미터의 다리로 연결되어 있었다.   대장도에 진입이 허용되는 차량은 펜션 이용객과 주민 뿐이기에 일반 여행자는 장자도에 주차 후 대장교를 걸어서 걸어가야 하지만, 전혀 부담 없는 거리다. 네비게이션에는 장자도 관광안내소 공영주차장 (전북 군산시 옥도면 장자도1길 75) 을 입력하고 적당한 위치를 찾아 주차하면 된다.  장자도 주차장에서 바로 보이는 대장봉다리를 걸어서 건너면 바로 대장도 섬에서 뒤돌아본 장자대교2. ""대장봉"" 가는 방법 상세설명 올라가는 방법은 두 가지 - 소요시간 왕복 1시간1. 대장봉 루트 - 산 뒤쪽으로 돌아가는 길. 일부 바위 구간이 있어 약간의 주의 필요. 2. 할매바위 루트 - 계단 위주의 직길 (날이 흐리거나 아이/노인 동반이라면 2번 루트로 왕복할 것) 운동화를 신었고, 바위도 잘 오른다는 것을 전제로, 1번으로 올라가서 2번으로 내려오기를 추천한다. 첫 번째 이유는 올라가면서 본 서쪽 관리도의 풍경이 눈부시게 아름다웠고, 내려오는 길에는 선유도 방향 풍경을 계속 보면서 내려올 수 있기 때문. 두 번째 이유는 2번 할매바위 루트는 중간 이후부터 계속 가파른 계단이라서 올라가는 재미가 덜하다는 점에 있다. 아무래도 계단은 내려오는 것이 편하기도 하겠고.  대장봉전라북도 군산시 옥도면 대장도리 1 대장봉은 142m로 높이 자체는 늘 다니는 서울 인왕산의 절반에도 못 미치는 낮은 산이지만, 산자락부터 정상까지 직길로 단숨에 올라가는 것이기 때문에 아주 만만하지만은 않다. 어쨌든 당시 운동 기록을 보면 전체 1.43km를 한 시간 정도에 다녀온 것으로 되어 있는데, 이 시간에는 할매바위쪽으로 올라가다가 다시 되돌아나와 대장봉 루트로 올라간 시간 및 사진을 찍느라 한참 지체한 시간까지 포함된다. 즉, 한 시간이면 충분히 다녀올 수 있다는 것!!! 워치에서는 고도 144m로 기록됨1번 루트 - 대장봉 뒷길 올라가다가 마주하게 되는 첫 번째 뷰장자도에서 다리를 건너면 곧바로 아래와 같은 간판이 보일 것이다. 대장봉 방향으로 가다 보면 어렵지 않게 '구불길'로 접어들 수 있다.  길 중반까지는 계속 별다른 매력 없는 산길이 계속된다. 그러다가 가파른 바위구간 (짧음)이 나타난다.바위에 도달하니 별다른 안내문이나 안전장치가 없어서 여기가 끝인가 하고 긴가민가하는 분들도 보였다. 풍경이 너무 멋져서 그럴법도 하지만, 진짜 뷰를 위해서는 좀 더 올라가야 한다.  조심스레 올라가 뒤를 돌아보는 순간!핸드폰으로 찍은 파노라마컷이 이정도정상에서 본 풍경바위 구간에서 5분만 더 가면 도착하게 될 정상에서는 <대장봉 142m> 표지가 제일 먼저 반겨준다.  곧이어 나타나는 뷰!여기서부터는 모든 장소가 포토존이다. 우리가 지나온 섬과 다리와 바다가 한 눈에 들어오는 이 풍경은일부러 먼 길을 떠나서 숨가쁘게 산까지 탔던 시간 그 이상의 보람을 안겨줬다. 대장봉의 시그니처뷰 나를 이곳에 있게 한 바로 그 장면 앞에서 사진 한 장 남겨주고선유도해수욕장의 가느다란 모래톱과 그 너머로 보이는 고군산대교나란히 선 장자교와 장자대교안전망까지 갖춘 전망데크에서 아름다운 전망을 마음껏 감상할 수 있다. 분명 배를 타고 어렵게 와야 볼 수 있을법한 섬들을 전부 다리로 연결해놓아 이토록 쉽게 와볼 수 있다는 것이 다행스럽기도 하고 신기하기도 하다.  ​ 2번 루트 - 할매바위 방향이제 할매바위 방향으로 난 계단길로 하산할 차례다. 정상에서 봤던 풍경을 '뒤로 하고'가 아니라 정면으로 계속 마주보면서 내려갈 수 있기 때문에 아쉬움도 조금 덜하다. 아마 이 길로 올라왔더라면 뒤를 돌아보느라 정상까지 오르는 시간이 배로 걸렸을지도 모르겠다😂 우리 앞에는 아이를 동반한 가족도 왔는데, 이 분들은 올라올 때에도 계단을 이용했다. 내려가는 길에 나오는 또다른 전망데크. 여기 바로 아래 쪽 바위에 포토존이 있음계속 이어지는 계단, 그리고 고도가 낮아질 때까지 보이는 아름다운 풍경. 중간 지점에서 위를 올려다본 것전망이 사라지고 다시 숲길로 들어서게 될 즈음 할매바위가 눈에 띈다. 할매바위 루트의 시작지점.  한 번 위에서 내려다보고 왔더니 풍경이 달리 보인다. 다시 대장교를 건너면 나오는 장자도 초입에는 석양을 감상할 수 있는 카페도 있어서 잠시 쉬어가도 좋을 듯 싶은데, 나는 새만금 방조제의 일몰을 보고 싶었기 때문에 서둘러 섬을 빠져나왔다.   새만금 방조제 전망대의 석양전북 군산과 고군산군도, 그리고 다시 변산반도를 잇는 총길이 33.9km의 새만금 방조제. 바다 한가운데를 달리다 보면 자꾸만 차를 세우고 싶은 생각이 들텐데, 좀더 높은 위치에서 내려다볼 수 있도록 주차장까지 갖춘 쉼터도 여럿 마련되어 있다. 그 중 적당한 곳 하나를 골라, 석양을 감상하기로 한다.   섬이 많은 지역이니 바다가 아닌 섬 너머로 태양이 지는 모습을 담을 수 있다.  마지막까지 완벽했던 그날의 태양그렇게 하루짜리 전북여행 끝! ​ [네이버 인플루언서] 여행작가 제이민저서 👉호주100배즐기기, 미국서부100배즐기기, 미식의도시뉴욕, 뉴질랜드100배즐기기(출간예정)in.naver.com 제이민(@jeymin.ny) • Instagram 사진 및 동영상팔로워 1,703명, 팔로잉 354명, 게시물 655개 - 제이민(@jeymin.ny)님의 Instagram 사진 및 동영상 보기www.instagram.com ​ ",20210910,https://blog.naver.com//PostView.naver?blogId=nydelphie&logNo=222501172965&from=search&redirect=Log&widgetTypeCall=true&directAccess=false
9,군산 여행 코스5 고군산군도 무녀2구마을버스 때문에 기분은... ,"군산 고군산군도 겪은 황당한 일. 한참 전부터 계획했던 군산 섬여행. 원래는 1박2일로 계획했지만 욕심이 점점 커져서 방문지를 늘리다 보니 고군산군도 섬여행으로 1일 군산 시내 투어로 1일을 보냈어요. 군산 여행지는 말할 것도 없고 시내에 예약하고 투숙한 호텔도 좋았고 식당도 다 좋았어요. 1박2일, 딱 한 곳에서만 기분이 나빴고 나머지 시간은 모두 좋았어요. 나의 군산 여행 중 단 하나의 안 좋은 기억. 무녀2구 마을버스 무녀도에 방문했고 특이한 버스가 놓인 매장이 보여 안쪽으로 들어갔어요. 수제버거집이었고 안에 손님 한 명도 없었어요.  조용히 한 바퀴 둘러보며 사진 9장 찍은 것이 다입니다. 매장이 예뻐서 음료를 마실까 생각했지만 일정 때문에 시간이 없어서 이후 섬에서 나오며 다시 오자고 지인들에게 말하고 밖으로 나오는데 무녀2구 마을버스 수제버거 주인으로 보이는 남자분이 가게 밖까지 따라 나오더니, 왜 허락도 안 받고 사진을 찍냐고 화를 내는 거예요.  예뻐서 찍었다, 선유도 들어갔다 나오는 길에 들러 음료 마시려고 한다, 꼭 다시 방문할 것이라고 말을 해도 왜 허락도 안 받고 사진을 찍냐고 같은 말로 계속해서 나중에는 뭐지? 싶을 정도였어요.  묻고 싶어요. 무녀2구 마을버스 수제버거에서 사진 찍어 올리는 모든 분들은 주인에게 사진 찍어도 되냐고 묻고 허락받은 후에 사진 올리는 건가요?  무녀도에 가시는 분들. 무녀도는 작은 섬이라 크게 볼 것은 없어요. 그래서 무녀2구 마을버스가 더 예뻐 보여요. 그건 인정입니다. 저도 그날 선유도 구경 후 이곳에서 수제버거로 저녁 식사를 하고 싶었던 사람입니다. 그 주인인 듯 보이는, 그 사람만 아니면 이곳에서 저녁 식사하며 무녀도에서의 추억 남겼을 거예요. 이런 경우는 처음이라 그렇게 잘못한 일인가 몇 번을 생각했어요. 다행히 이후에 만난 군산에서의 모든 사람들이 친절해서 여행은 즐겁게 끝이 났지만 지금도 무녀도를 생각하면 무녀2구 마을버스 수제버거 때문에 기분이 나빠집니다.​​ 🚗  고군산군도 당일여행 일정비응도 - 야미도 - 신시도 - 무녀도 - 장자도 - 선유도 ​군산 가볼만한곳 제 선택은 섬여행입니다. 전부터 계획했으나 당일 날씨는 비. ㅠ..ㅠ 내 마음도 비. 그래도 미루면 또 날을 잡기 어려울 것 같아 무조건 출발했어요. 비 맞으며 6개의 섬을 당일치기로 둘러보다니... 사실 6개의 섬을 단 몇 시간 동안에 둘러본다는 것은 말도 안 됩니다. 이번에는 그야말로 수박 겉핥기 식으로 돌았지만 다음에 신시도부터 다시 좀 더 촘촘하게 둘러보렵니다. 집에서 2시간이면 도착하는 거리라 아침 일찍 출발하면 당일여행으로 가능한 고군산군도입니다. ​​ 1. 군산 비응도전라북도 군산시 비응도동비응도에서의 목적지는 처음부터 전망대였어요. 미리 알아본 것보다 훨씬 더 멋진 곳이었죠. #비응도전망대 전망대에 오르면 풍력발전기와 현대중공업 단지가 펼쳐지는데 해 질 녘에 더 멋지지 않을까 상상하게 되는 풍광입니다.  바다낚시하는 분들에게 위험하다고 경고하는 해경. 하지만 낚시하는 분들은 별로 신경 쓰지 않네요.  고군산군도 여행을 계획하는 분들. 여행의 시작이 되는 비응도에서 많은 시간은 할애하지 못해도 비응도 전망대는 걸어 보세요. 천천히 걷고 구경하기에 1시간이면 족합니다.​​ 2. 군산 야미도전북 군산시 옥도면비응도에서 야미도로 가는 새만금 방조제를 달리던 중, 군산 해넘이 휴게소 주변 데크. 날이 좋았다면 훨씬 아름다운 풍경을 감상했을 텐데 아쉬웠어요. #야미도  군산 야미도는 새만금 방조제를 달리며 그냥 스쳐지나가갈 수  있는 곳이지만 저 꽃게 모양과 지금은 철거되어 없지만 모아이 석상 비슷한 조형물이 있어서 사람들이 인증샷 찍기 즐기던 곳입니다.  그냥 모아이 석상을 뒀다면 훨씬 좋았을 텐데... 아쉬워요.  군산 야미도에는 새만금오토캠핑장이 위치하고 있어요.  지금은 관리가 안 되는 듯 보이는 시설들이 곳곳에 있지만 뭐 딱하니 볼 것은 없어요.   비가 내리고 있지만 사진 속에는 아무도 우산을 쓰지는 않네요. 이제 신시도로 출발. 드라이브하기에 너무나 좋았던 길입니다. ​ 3. 군산 신시도 자연휴양림전북 군산시 옥도면고군산 군도의 풍광이 파노라마로 펼쳐지는 신시도 자연휴양림 전망대 국립 신시도 자연휴양림.  입장료 성인 1000원.  2021년 5월 오픈한 곳으로 산과 바닷길을 걸으며 산책하기 좋아요. 1시간 정도 소요됩니다.    신시도 자연휴양림에 다시 가고 싶은 이유는 휴양림 숙소에서 꼭 하룻밤 머물고 싶어서입니다. 실내를 볼 수는 없었지만 위치나 외형으로는 지금까지 본 모든 휴양림 숙소 중 최고였어요. ​ 4.  신시도 벽화마을신시도 초등학교 주변에 이렇게 신시도의 어촌 풍경을 그려 놓은 벽화를 만날 수 있어요.    벽화의 수준이 높아 마을을 더욱 아름답게 만드는 멋진 신시도 벽화마을이었어요. 비만 안 내렸다면 좀 더 보고 싶었을 거예요. ​​ 5. 군산 무녀도 전라북도 군산시 옥도면 무녀도리작은 섬 군산 무녀도.  날이 어두워지고 비가 내려서 그냥 스쳐 지나갈까 하다가 그래도 계획한 곳이기에 차를 세우고 무녀도 땅을 밟았어요.  포토존에서 본 쥐똥섬. 쥐똥섬을 배경으로 사진을 찍을 수 있게 꾸며 두어 작은 섬이 반짝 빛났어요. 이때만 해도 기분 좋았는데... 이곳 사장님의 그 화를 당하고 나서 무녀도는 제 기억에 아주 안 좋은 곳으로 남아 버렸어요. 앞으로 고군산군도 섬여행으로 방문한 섬들을 하나하나 올릴 예정이니 어쩔 수 없이 무녀도도 올리겠지만... 군산 가볼만한곳. 하지만 무녀도는 다시 안 가렵니다. ​​ 6. 장자도 전라북도 군산시 옥도면 장자도리군산 장자도. 한 달 전, 날이 맑았을 때 잠시 들렀는데 너무 예뻐서 그래서 고군산군도 섬여행을 계획한 것이에요. ​ 장자도에서 보는 대장도의 모습이 너무 인상적이었어요. 아이슬란드의 풍광이 오버랩되는... 그래서 맘이 찌릿찌릿해지는 아름다운 대장도였어요.   쨍한 날에도 아름다웠지만 비가 내리니 또 다른 멋이 담긴 풍광이었어요.   장자도에 있는 전망대에서 대장도 바라만 봤어요.​ 군산 가볼만한곳.  다음에는 대장도도 한 바퀴 돌아보렵니다. ​  7. 군산 선유도 전북 군산시 옥도면 선유남길 34-22비는 더 많이 내리고 날이 이미 어두워졌어요. ㅠ..ㅠ 어쩌면 고군산군도 섬여행에서 가장 하이라이트는 대봉전망대에 올라 주변 섬을 둘러보는 것이었는데 날씨와 시간 때문에 불가능. 다음으로 미루고 데크길만 걷다 왔어요.  유배된 선비가 바위산에 올라 한양을 바라보며 임금을 그리워했다는 망주봉 너무 짧았지만 그래도 인상적인 곳 많았던 고군산군도 섬여행. 군산 가볼만한곳, 드라이브 코스로도 최고입니다. ​​#고군산군도 #군산섬여행 #고군산 #고군산도 #군산여행 #섬여행 #비응도 #선유도 #무녀도 #야미도 #신시도 #장자도 #군산가볼만한곳​ 비응항전라북도 군산시 비응도동 91신시도항삼거리전라북도 군산시 옥도면 신시도리무녀도항전라북도 군산시 옥도면 무녀도리장자도전라북도 군산시 옥도면선유도전라북도 군산시 옥도면 선유남길 34-22 ​​​​ ​ ",20210923,https://blog.naver.com//PostView.naver?blogId=wed1204&logNo=222514116285&from=search&redirect=Log&widgetTypeCall=true&directAccess=false
