단어,빈도수
가건물,2
가격표,20
가고파쪙,1
가곡면,2
가공품,1
가구라,1
가구장이,1
가금면,1
가까스로,2
가까이,113
가난뱅이,1
가넝할수,1
가넝했꼬,1
가넝했어,2
가논데졈그를셰,1
가능성,8
가다가,14
가덕도,2
가드닝,12
가디건,2
가뜩이나,4
가람이,1
가랍집,3
가랑비,2
가래떡,147
가려진,2
가렴주구,2
가로등,8
가로막,2
가로수,3
가로수길,2
가로수로,1
가르침,2
가리비,1
가리산,2
가마니,2
가마솥,56
가마치,1
가사문학,5
가산면,1
가산산성,1
가상현,1
가상현실,1
가쉽걸,1
가스레인지,2
가스렌지,1
가슴속,1
가습기,1
가시도,1
가시선,1
가시연,7
가시오가피,1
가야금,6
가야산,1
가오니,6
가위바위보,5
가위손,4
가을로,6
가을비,2
가이드,28
가이드라인,1
가이드북,2
가입자,1
가자미,9
가장자리,10
가정식,14
가정역,1
가정은,1
가족룸,6
가족사진,5
가족손님,2
가좌동,1
가죽공예,2
가즈앙,1
가지각색,2
가지산,1
가집행,1
가짓수,21
가파르,1
가파르기,1
가파른,21
가파른곳,1
가평군,2
가현지,1
가회면,1
각거리,1
각도기,8
각설탕,2
각양각색,6
간간이,5
간단명료,1
간동면,1
간사이,4
간사장,1
간성읍,2
간소화,2
간장게장,17
간절곶,2
간짜장,31
갈라고,1
갈림길,16
갈매기,2
갈매기살,4
갈무리,1
갈비살,19
갈비찜,116
갈비탕,48
갈빗대,5
갈수록,16
갈참나무,5
갈팡질팡,2
감곡면,2
감나무,43
감미료,3
감빠스,2
감성샷,2
감수성,2
감악산,2
감염병,2
감염증,13
감자전,3
감자칩,3
감자탕,47
감쟈합,1
감정동,5
감지기,1
감축된,1
감칠맛,73
감탄사,16
감포읍,1
갑각류,2
갑니댜,1
갑신정변,1
갑오개혁,1
갑오년,2
갑오동학혁명,10
갑오징어,2
갑천면,1
값어치,6
갓김치,13
갓난아기,1
갓바위,3
갔숩니,1
갔슴다,1
강강술래,1
강경시장,1
강남구,1
강냉이,1
강동면,2
강된장,15
강릉시,9
강박증,1
강서구,3
강설량,2
강수량,3
강수연,1
강아지,89
강아지풀,1
강우량,1
강원도,40
강원랜드,1
강쟁리,1
강정은,1
강진군,6
강진면,1
강진읍,2
강천사,7
강천산,27
강청리,1
강추끗,1
강추욤,1
강하니,1
강현성,1
강화군,11
강화도,6
강화유리,1
갖가지,15
같기듀,1
같드라구,1
같슴당,1
같아욬,2
같이펀딩,1
개개인,1
개구리,15
개구쟁이,1
개그맨,1
개꾸르맛,1
개꿀잼,1
개나리,4
개똥이,2
개막식,7
개망초,3
개발도상국,1
개발자,1
개수대,99
개양귀비,1
개이득,3
개인정보,3
개인정보보호법,1
개인화,1
개정면,1
개존맛,1
개진면,1
개천절,4
개혁운동,1
개혜잔데,1
갤러리,46
갤러리아,1
갤럭시,8
갬동쓰,1
갬성갱듀,1
갬성샷,4
갯마을,1
갱년기,2
갱얼쥐,1
갸토캔,1
거가대교,1
거꾸로,1
거랍니,7
거래처,1
거렸는데,1
거린데,1
거무스름,1
거문고,5
거문오름,1
거미줄,6
거북선,1
거북이,7
거슬러,4
거슬러가,1
거실홥,1
거울샷,1
거울셀카,2
거제도,2
거제시,9
거주소,1
거주지,2
거진읍,1
거진항,1
거짓말,31
거창군,3
건강검진,2
건과류,4
건국대,1
건너편,83
건넌방,1
건넛편,1
건녀펀,1
건더기,54
건망증,1
건문제,1
건어물,2
건입동,1
건전지,2
건조대,2
건조물,1
건지산,1
건축가,1
건축물,12
건폐율,1
걸음걸이,2
검둥이,1
검문소,1
검색어,3
검은색,12
검정색,3
검찰청,1
검침원,1
겁쟁이,3
것이므,1
겉모습,5
겉바속쫀,2
겉바속쫄,1
겉보기,6
겉절이,26
게다가,108
게란찜,1
게스트,2
게스트하우스,17
게시판,4
게으름,2
게이고,1
게이머,1
게이샤,1
게이트,3
게이트볼,1
게임기,4
겟어뇨,1
겟하십숑,2
겨드랑이,1
겨우내,3
겨우살이,6
겨울방학,4
겨울비,1
겨울왕국,1
겨울철,5
겨울철새,1
격포리,2
격포방향,1
격포항,5
격황소서,1
견과류,39
견생샷,1
견주들,1
견지하,1
결과물,6
결벽증,1
결승전,1
결정전,9
결혼기념일,4
결혼식,11
결혼식장,1
겸사겸사,16
겹겹이,5
경기도,25
경기장,10
경덕왕,5
경로당,6
경보기,1
경복궁,3
경비실,1
경사면,3
경산시,1
경상남도,9
경상도,2
경상북도,13
경서동,1
경옥고,3
경운기,1
경인아라뱃길,1
경작지,3
경쟁력,9
경쟁률,1
경쟁심,1
경전선,1
경제력,2
경제체제,1
경제활동,3
경조사,2
경주시,9
경주엑스포,1
경주읍성,1
경주이씨,1
경찰서,45
경찰차,1
경찰청,1
경춘선,2
경포대,5
경포호,5
곁가지,1
계란노른자,3
계란말이,13
계란빵,3
계란찜,55
계란프라이,3
계란후라이,11
계룡산,5
계산동성당,2
계산성당,1
계수기,6
계수영,1
계약금,2
계양구,1
계양산,1
계원필경,1
계유년,1
고가도,1
고고싱,9
고고씽,20
고고학,1
고구려,4
고구마,90
고군면,3
고군산군도,12
고규홍,1
고금도,4
고기랑,36
고기만,21
고기잡이,4
고깃집,36
고냥이,11
고느넉히,1
고달면,1
고대로,2
고동색,1
고드름,1
고등어,31
고등학교,32
고등학생,16
고라니,2
고래고래,1
고려가요,1
고려사,6
고려사절요,1
고려시대,16
고려인,1
고려조,1
고려청자,1
고령군,5
고령화,3
고로면,1
고로쇠나무,1
고로케,13
고르곤졸라,26
고마움,3
고먐미,2
고모부,10
고무신,1
고무줄,6
고문서,2
고부군,6
고부면,10
고사리,13
고사성어,1
고사하고,2
고삼면,1
고서면,2
고석정,1
고성군,12
고성능,1
고성만,1
고소공포증,2
고속도로,66
고속버스,57
고스트,1
고슬고슬,4
고슴도치,1
고아원,1
고얌미,1
고양시,2
고양이,237
고영희,6
고요한,4
고요함,2
고용노동부,1
고우리,9
고운동,1
고유종,1
고은님,1
고은아,1
고인돌,80
고정력,1
고정문,1
고정원,2
고지도,2
고지인,1
고지혈증,1
고집불통,1
고창군,33
고창읍,11
고창읍성,21
고창현,1
고추가,13
고추기름,2
고추나무,1
고추냉이,6
고추잠자리,2
고추장,56
고춧가루,17
고춧잎,2
고타마,1
고품격,7
고학년,1
고한읍,1
고향이,11
고현동,1
고혈압,1
고흥군,4
곡성군,5
곡성역,3
곡성읍,1
곤줄박이,1
곤지암,7
곧바로,11
골골거렸던,1
골동품,6
골랐닼,1
골랐쯈,1
골목길,47
골뱅이,4
골짜기,14
골칫거리,1
골키퍼,1
골품제,1
골프장,88
곰나루,1
곰돌이,9
곰소항,7
곰인형,6
곰팅이,2
곰팡이,3
곱깨비,14
곱돌밑,1
곱돌잔,1
곱빼기,4
곱창전골,6
곱하기,2
곳곳이,30
곳이므,1
곳이죵,2
공간활용,2
공공교통,1
공공기관,3
공공미술,1
공공시설,5
공급원,2
공기놀이,1
공기밥,39
공기업,1
공기청정기,11
공도읍,2
공동우,2
공동체,21
공모전,7
공무원,5
공북루,1
공산군,1
공산성,4
공산품,1
공실이,1
공연장,9
공예품,5
공원로,1
공주시,8
공중부양,1
공중위생,1
공중전화,5
공중파,5
공중화장실,5
공지천,1
공직자,3
공청회,3
공통점,6
공평동,3
공포영화,1
공항대로,1
공현진항,1
공화국,17
공휴일,24
곶자왈,1
과거시험,1
과수원,3
과태료,1
과테말라,1
과학관,137
과학기술,2
과학로,1
곽촌리,1
관개용수,1
관계도,2
관계자,24
관광가이드,1
관광농업,1
관광단지로,1
관광도로,1
관광명소,31
관광버스,2
관광벙,1
관광업,2
관광열차,37
관람객,15
관련성,1
관루타,1
관리동,3
관리사,2
관리원,1
관리인,4
관리자,6
관세음보살,1
관심사,3
관악구,1
관엽수,1
관음보살,1
관인면,1
관절염,1
관중석,1
관찰사,5
관촌면,4
광개토대왕,1
광고인,1
광고주,3
광곡길,1
광교산,3
광대싸리,1
광덕면,1
광덕산,1
광명역,5
광목천왕,1
광복군,1
광복절,1
광산구,4
광양시,6
광역시,11
광주시,7
광주카,1
광케이블,1
광탄면,1
광한루,7
광한루원,5
광합성,3
광해군,3
광화문,1
괘안코,1
괜스레,7
괜시리,7
괜쨔냐,1
괜차나,1
괜춘괜춘,1
괜춘할거,2
괜춘했눈데못,1
괜츈한듯,1
괴로움,2
괴산군,5
교과서,6
교대역,2
교도소,2
교동도,1
교동면,1
교두보,1
교룡산,1
교룡산성,1
교산동,2
교육장,3
교육청,3
교육학,1
교차로,2
교통광고,1
교통량,3
교통법,1
교통부,2
교통비,2
교통사고,6
교통신호,1
교통체증,5
교통카드,1
교회당,2
구경꾼,1
구경만,16
구경삼,2
구경오,1
구경이,5
구경해,7
구급상자,1
구급차,1
구기자,1
구기종목,1
구내식당,1
구덩이,2
구들장,4
구렁이,10
구례구역,1
구례군,2
구례읍,1
구룡동,19
구름다리,3
구림면,1
구마모토,6
구명조끼,2
구미대,1
구미동,1
구미시,6
구봉도,1
구석구석,58
구석기시대,1
구성만,2
구성원,2
구성은,4
구속영장,1
구시대,1
구연산,1
구용덕,1
구읍뱃터,1
구의동,1
구이면,1
구이이,1
구이판,1
구이해,4
구일육,10
구일초,2
구장군,2
구절초,1050
구정동,2
구조도,2
구조라해수욕장,1
구좌읍,2
구지면,2
구천동,4
구체화,1
구한말,4
국가대표,1
국가하천,2
국내외,7
국동항,1
국립공원,501
국립광주과학관,2
국립남도국악원,1
국립무형유산원,2
국립민속국악원,2
국민연금,19
국민은행,2
국민장,2
국민학교,3
국밥집,24
국방부,2
국사봉,28
국수나무,23
국숫집,2
국악기,3
국악원,17
국정원,1
국제공항,3
국제연합,2
국지도,3
국채보상로,2
국토교통부,2
국토부,2
국토해양부,1
국화도,2
국화빵,2
국화축제,2
국회의사당,1
국회의원,3
군것질,7
군남면,1
군내버스,11
군더더기,7
군데군데,36
군사시설,1
군산항,2
군생활,1
군시설,1
군위군,1
군자금,1
군자정,1
군포시,1
굴거리나무,12
굴라쉬,4
굴렁쇠,5
굴렁쇠굴리기,1
굴렸습니,1
굴린듯,1
굴삭기,207
굴짬뽕,12
굶주림,2
굼벵이,2
굿굿굿,5
굿굿임,1
굿굿화,1
굿모닝,1
굿바이,2
굿즈들,2
굿즈롸,1
궁굼애,1
궁굼증,1
궁굼해,1
궁금증,11
궁남지,1
궁둥이,2
궁딩이,1
궁류면,3
궁서체,2
궁평리,2
궈주시궜,1
권삼득,1
권상로,1
권수호,1
권역별,2
귀뚜라미,1
귀마개,1
귀여미,3
귀여웡,5
귀염둥이,6
귀염뽀짝맛,1
귀염이,1
귀엽쟈,1
귀엽쬬,2
귀요미,18
귀욤귀욤,4
귀욤댕,1
귀욤미,1
귀욤진,1
귀차니즘,4
귀퉁이,1
귓바퀴,1
귓속말,3
규암면,1
균형발전,4
귤나무,2
그거슨,1
그날그날,4
그남자,2
그다려얄판,1
그다음,13
그다지,13
그동안,69
그라데이션,1
그라스,4
그라인더,2
그라탕,33
그래그래,2
그래듀,1
그래미,1
그래퍼,1
그래픽,1
그랜드,2
그랜드슬램,1
그랜버드,1
그랜져,1
그러넿,1
그렇쥬,1
그레이,5
그레텔,1
그루밍,1
그르케,1
그리기,2
그리므,1
그리스,1
그리움,16
그리피스,1
그린티,13
그림자,12
그윽해,1
그을음,1
그저께,1
그쵸잉,1
극락세계,1
극락왕생,1
극락전,5
극락정토,2
극락조화,1
근거리,3
근대건축,1
근대사,2
근대역사관,2
근대화,3
근덕면,3
근로기준법,1
근무시간,1
근육통,6
근현대사,2
근화동,1
근흥면,5
글공부,3
글라스,2
글라이딩,3
글래디에이터,1
글램핑,29
글로벌,2
글리코겐,1
글쓰기,1
글씨체,6
긁힌거,1
긇주콇,1
금가루,1
금강로,1
금강산,22
금강천,1
금곡교,1
금남로,2
금남면,1
금낭화,1
금마면,1
금메달,1
금붕동,3
금붕어,1
금산군,3
금산면,7
금산사,17
금상첨화,6
금속활자,1
금손이셔,1
금수면,2
금오도,5
금오산,2
금오산로,1
금요일,46
금욜날,1
금융기관,1
금정구,2
금호고,1
금호동,1
급경사,3
급땅겨,1
급상승,3
급속도,1
긔여웠어,1
기가애드,2
기간산업,1
기계로,7
기계면,1
기공식,7
기관지,2
기네스북,1
기념관,152
기념물,8
기념비,25
기념샷,2
기념일,24
기념품,20
기념품점,2
기능장,1
기다림,17
기대승,1
기독교,8
기독교인,1
기러기,1
기러기목,1
기렸다,1
기록관,2
기록물,4
기름값,1
기름기,10
기반시설,8
기본권,1
기본소득,2
기사도,1
기사문항,1
기상관측,2
기상이변,2
기상재해,2
기상청,4
기상캐스터,13
기상현상,6
기성품,3
기성회,1
기세니,1
기소진,1
기숙사,19
기업은행,1
기업인,3
기업체,2
기엽다,1
기와집,6
기왓집,1
기울기,1
기자회견,1
기장군,5
기장읍,1
기저귀,2
기정식,3
기제목,1
기지개,3
기지역,1
기차역,14
기차표,1
기타리스트,2
기타연주,2
기프티콘,1
기필코,1
기해년,1
기행문,1
기획사,1
기획전,16
기후변화,2
긴머리,2
긴장감,4
긴장도,1
길거리,40
길고양이,2
길냥이,15
길라잡이,3
길림성,7
길상면,1
길상사,1
길소뜸,1
길자연,1
길잡이,8
김개남,6
김경기,1
김광석,1
김광섭,1
김굉필,3
김기동,1
김기홍,1
김기환,1
김나영,1
김녕리,1
김대중,3
김대희,4
김덕만,2
김도연,4
김동수,30
김동욱,1
김동철,1
김때횬,1
김만덕,1
김말이,3
김명곤,1
김문현,2
김밥천국,12
김범룡,3
김병로,2
김병종,4
김병철,1
김보영,2
김복희,1
김부식,1
김상태,1
김서형,3
김선정,1
김소월,1
김수빈,2
김순옥,2
김순희,5
김승호,1
김승희,1
김신조,2
김연우,1
김영균,2
김영모,2
김영상,3
김영채,1
김영철,6
김용옥,1
김용임,2
김용재,2
김용희,1
김우성,1
김원영,1
김원희,1
김윤하,1
김은서,3
김이랑,1
김인후,6
김장생,1
김재민,1
김재원,2
김재철,1
김정권,2
김제역,10
김종인,1
김종직,1
김준현,3
김준호,1
김지갱,2
김지수,2
김지형,1
김직술,1
김창완밴드,1
김창현,1
김창호,2
김천시,1
김천일,1
김철수,1
김춘수,1
김치볶음밥,12
김치우,1
김치전,3
김치찌개,22
김칫국,6
김태연,24
김태평,2
김태헌,1
김태희,1
김포시,2
김해시,1
김현태,1
김형준,1
김홍도,1
김화읍,2
김환기,1
김희원,1
김희진,1
김희철,1
깃대봉,2
깃대종,31
까놀레,1
까눌레,19
까눌레쑥,1
까르까르,1
까르띠,1
까르보나라,1
까마귀,4
까만색,2
까미나레,14
까치박달,1
까치밥,1
까치수염,1
까투리,3
깍두기,36
깐풍기,5
깔깔이,2
깔꼼깔꼼,1
깔꼼지,1
깔꼼할까,1
깜짝선물,1
깜파뉴,1
깜파뉴같,1
깡다구,1
깨달음,4
깨방정,1
깨소금,2
깨특유,1
깰꼼쓰,3
깰꼼합니,1
깰꼼해,1
깻가루,1
꺄꺄꺄,1
꺄야야,1
꺄핫못,1
꺠끗하,1
껍데기,7
꼐란찜,1
꼬깔모,4
꼬깔콘,1
꼬드김,1
꼬득꼬득,2
꼬득하,1
꼬들꼬들,3
꼬들면,4
꼬들살,1
꼬랑내,1
꼬르따,1
꼬르따또,3
꼬르따또제,1
꼬르륵,6
꼬리표,1
꼬맹이,10
꼬물거리,1
꼬박꼬박,3
꼬불고불,1
꼬불길,1
꼬소하,1
꼬소함,3
꼬숩답니,1
꼬슬꼬슬,2
꼬아감,1
꼬오옥,1
꼬질꼬질,3
꼬챙이,6
꼭대기,12
꼭데기,2
꼭두새벽,1
꼴뚜기,1
꼼곰합니,1
꼽는다,3
꼽는데,3
꼽아꼬,1
꼽아두,1
꼽아주,1
꼽았어,2
꼽요님,1
꼽으라,1
꽁냥꽁냥티격태격,1
꽃가루,2
꽃게탕,2
꽃그늘,2
꽃길속,1
꽃꽂이,1
꽃나무,4
꽃내음,4
꽃놀이,3
꽃다발,31
꽃동네,1
꽃동산,15
꽃들이,70
꽃망울,7
꽃무름,1
꽃무릇,31
꽃바구니,9
꽃받침,2
꽃밭속,1
꽃봉오리,2
꽃사진,9
꽃샘추위,5
꽃송이,5
꽃잔디,3
꽃장식,3
꽃집겸,3
꽃차례,1
꽃처럼,3
꽃항정살,3
꽃힌건,1
꽈배기,13
꽝꽝나무,1
꽹과리,1
꾀죄죄,1
꾸덕쫀득했고꼬끄,1
꾸러미,1
꾹꾸욱,1
꿀꿀이,1
꿀맛꿀맛,1
꿀맛임,1
꿀맛태잉,2
꿀잼일,1
꿀팁밥,1
꿈벅꿈벅,1
꿍차꿍차,2
끄트머리,5
끈끈이,1
끌벅쩍,1
끼리끼리,1
끽해야,1
나가사끼,3
나가사키,2
나가시,3
나가야,5
나가요,2
나갔슘니,1
나그네,5
나날이,3
나노기술,1
나누기,4
나뉘드,1
나니아,2
나들목,8
나들이,154
나뚜루,2
나로도,1
나루몽,6
나루터,1
나룻배,2
나르륨,1
나리꽃,3
나머지,46
나머진,1
나무껍질,1
나무다리,1
나무막대기,1
나무몽,2
나무숲,15
나문희,2
나뭇가지,14
나뭇잎,21
나보이,4
나비파,1
나섰슴다,1
나오니,36
나오미,1
나오죵,1
나오쥬,2
나와라,2
나와썽,1
나와욤,1
나와욬,1
나왓네욬,1
나왓는데,2
나왓던,1
나왓슴다,1
나왔넹,1
나왔슴다,1
나왔습돠,1
나이스,8
나이키,1
나이테,1
나이트,2
나이프,14
나주시,3
나타남,2
나태주,1
나폴리,20
낙동강,6
낙산사,3
낙안읍성,5
낙엽수,1
낚시꾼,1
낚알못,1
난다요,1
난생처음,3
난이도,8
난장판,1
난쟁이,2
난중일기,1
난치병,1
난파선,1
날다람쥐,1
날벼락,1
날씨예보,2
날씬들,1
날씬이,1
남계서원,18
남구미대교,1
남당항,2
남대문,3
남대천,1
남동구,1
남동생,7
남동쪽,2
남부군,1
남북국시대,1
남산면,2
남생이,1
남성은,1
남양주,13
남양주시,4
남원시,14
남원읍성,1
남이섬,3
남일면,1
남자라면,2
남자친구,62
남조로,1
남종면,2
남주혁,1
남평읍,1
남포동,1
남포면,3
남포방조제,1
남표니,2
남해안,2
남후면,1
납골당,1
납작만두,2
낭창낭창,1
내가면,1
내거해,1
내동면,2
내레이션,2
내려받기,1
내리락,4
내리막,13
내릿다,1
내부샷,1
내비게이션,6
내뿜기,1
내뿜는,5
내뿜는덴,1
내뿜으,1
내소사,47
내용물,30
내장산,2767
내장상동,2
내정간섭,1
내촌면,1
내츄럴,1
내칭구,1
내후년,2
낼름낼름,1
냉동고,3
냉면집,11
냉장고,82
냉커피,10
냐무냐무,1
냠냐미,2
냠냠냠,3
냠냠뇸뇸함,1
너구리,2
너덜샘,1
너르디너른,1
너므너므,1
넌지시,1
널뛰기,1
널렸어,2
널브러져,1
넓어욬,1
넘버원,1
넘사벽,1
넘쳤넹,1
넙적하,2
네가지,1
네덜란드,2
네발나비,2
네비게이션,19
네스퀵,1
네온사인,10
네온싸인,1
네이비,2
네이션,1
네일아트,1
네임드,1
네추럴,2
네트워크,2
넥실리스,3
넷플릭스,12
노각나무,1
노고단,6
노노노,2
노노노노,1
노다지,1
노닥거릴,1
노동일,1
노동자,2
노란색,14
노랑나비,1
노래방,10
노랫소리,3
노랭이,1
노랭이표,2
노령산맥,13
노령역,1
노루귀,1
노루발,1
노른자,26
노린재,5
노매럴,2
노블레스,1
노선도,2
노원구,3
노원역,1
노은면,3
노을길,3
노적봉,1
노점상,4
노컷뉴스,1
노키존,1
노트북,20
노피곰,5
노하우,17
노화도,2
녹다운,1
녹두장군,43
녹음기,1
녹차아이스크림,5
논바닥,3
논산시,1
논스톱,1
논픽션,1
논현동,2
놀랫어,1
놀랬슴다,1
놀러와,12
놀멍쉬멍,1
놀이기구,7
놀이동산,3
놀이터,79
놈흐옙흐네,1
놋그릇,2
농경지,4
농구장,3
농기구,7
농림축산식품부,3
농민공,2
농민운동,32
농민전쟁,9
농번기,4
농부가,2
농사일,1
농산물,30
농소동,5
농악놀이,1
농암면,2
농어촌,1
농업인,1
농촌진흥청,2
높낮이,1
놨는데,1
놨었기,1
뇌릿속,1
뇸뇸뇸,1
뇸뇸보,1
뇸뇸할,1
누구껀,1
누군가,29
누루셔,1
누룽밥,3
누룽지,176
누르기,2
누릉지,1
누리장나무,6
누리집,6
누비아,39
누었습,1
누었을때,1
누텔라,12
눈높이,4
눈누눈누,1
눈대중,1
눈데용,1
눈맞춤,3
눈보라,1
눈부심,1
눈사람,8
눈송이,1
눈썰매,1
눈요기,3
눈초리,1
눈코입,1
눕드라구,1
눙물입니,1
뉘엇뉘엇,3
뉴질랜드,3
뉴타운,1
뉴트로갬성,1
느글거려,1
느글거릴수,2
느껴봐랏,2
느린우체통,5
느릿느릿,3
느므좋,1
느적하,1
느즈막,1
느즈막히,2
느타리버섯,1
느티나무,8
늑힘적,1
는쪼끔,1
능내역,1
능력자,1
능서면,1
능소화,30
능이버섯,2
늦가을,1
늦더위,1
늦둥이,1
늬끼함,1
니콜라,1
닐라닐,1
다각형,2
다골르랭,1
다국어,1
다녀왓슘니,1
다년생,3
다녓다,1
다니엘,1
다다다,3
다다랗내,1
다다미,1
다대기,9
다대동,1
다대포해수욕장,1
다데기,4
다도해,1
다락방,4
다람쥐,13
다랭이논,2
다롱디리,10
다른사람,3
다릿병,1
다먹쥬고추,2
다목적댐,2
다문천왕,2
다문화,5
다산로,1
다산면,1
다산초당,2
다섯손가락,1
다섯시,3
다세대,1
다소니,46
다슬기,17
다슬이,3
다시금,12
다시마,1
다시면,1
다시피,1
다압면,1
다양성,9
다운동,1
다운로드,16
다원메닥스,1
다웠어,1
다유락,1
다육식물,2
다음주,16
다음해,2
다이나믹,2
다이노,2
다이렉트,2
다이빙,1
다이소,5
다이슨,1
다이아몬드,1
다이어리,6
다이어터,2
다이어트,47
다짜고짜,1
다채롭,3
다층석탑,1
다쿠아즈,14
다큐멘터리,1
다했쥬,1
다홍색,1
닥치고,1
단감나무,2
단거리,2
단곈데,1
단고기,1
단기간,4
단독주택,5
단랜즈,1
단무지,48
단백질,8
단성면,1
단시간,1
단양군,5
단양읍,1
단양팔경,1
단언컨대,1
단원구,5
단월면,2
단장면,3
단전호흡,1
단체룸,1
단체사진,4
단체샷,2
단촐해,2
단팥빵,9
단풍나무,73
단풍미락,17
단호박,16
달걀노른자,1
달걀찜,6
달걀프라이,1
달고나,30
달님이,3
달라짐,2
달리기,7
달린다,6
달맞이,4
달맞이꽃,1
달성군,4
달짝새콤,1
달콤달콤,1
달콤새콤,1
달콤싸싸롬,1
달콤짭짜름,1
달콤한걸,1
달팽이,2
닭갈비,57
닭강정,9
닭개장,1
닭계장,3
닭고기,7
닭다리,8
닭도리탕,5
닭백숙,19
닭볶음탕,8
닭칼국수,2
담당자,4
담벼락,14
담았슴다,1
담양군,26
담양읍,14
담장이,5
담쟁이,4
답시고,1
답정너,1
당구대,2
당나라,2
당단풍,3
당단풍나무,3
당분간,16
당일치기,64
당진동,1
당진시,4
당진읍,1
당현천,1
대가리,1
대가족,3
대관령,3
대관령면,1
대교구,1
대구광역시,6
대규모,13
대극장,3
대기실,7
대기업,2
대기차,1
대나무,46
대다수,4
대대로,1
대덕구,3
대도시,6
대동강,1
대둔산,15
대들보,2
대리석,15
대리점,3
대마도,1
대머리,2
대명동,3
대명사,6
대방군,1
대법원,2
대보름,1
대부도,3
대부동,1
대산면,1
대산읍,2
대상자,4
대설주의보,1
대성공,3
대성당,5
대성동,1
대성전,10
대소원면,1
대신면,1
대양면,1
대왕암,1
대웅보전,18
대웅전,64
대원군,8
대원사,1
대유행,1
대의면,1
대자연,5
대장간,4
대장금,2
대장암,1
대장정,3
대재앙,1
대제학,1
대중교통,20
대지면적,1
대지주,1
대진항,2
대천해수욕장,5
대청댐,3
대청호,5
대체공휴일,1
대체로,16
대추야자,1
대추차,16
대치면,3
대통령,36
대포동,2
대학교,56
대학생,13
대학시절,1
대학원,2
대학자,1
대합실,3
대형룸,1
대형차,1
대형화,1
대환영,1
대흥동,1
대흥리,1
대흥사,13
댄쿠앤크,1
댑싸리,9
댕강댕강,1
댕댕플래닛,2
더구나,5
더군다나,9
더부륵,3
더블샷,1
더없이,11
더욱더,16
더욱이,6
더유워,1
더치커피,7
더하기,2
덕곡면,2
덕산면,1
덕수궁,1
덕숭산,2
덕양구,2
덕유산,25
덕지덕지,2
덕진구,8
덕천면,21
던지기,5
던킨도너츠,2
덤이쥬,1
덩굴식물,3
덩달아,7
덩어리,25
덮어서,1
데니안,2
데리야끼,2
데맵기,1
데스크,6
데스티니,4
데시벨,1
데이라이트,1
데이비드,31
데이즈,4
데이지,2
데이터,15
데이트,141
데프콘,1
델몬트,1
도가니탕,5
도갑사,1
도계서원,3
도구로,1
도깨비,4
도너츠,6
도농복합도시,2
도농복합시,1
도다샤,1
도다샤어긔,1
도담삼봉,2
도대체,22
도동서원,18
도라방스,3
도라에몽,1
도라지,24
도레미,3
도련님,10
도로공사,2
도로교통법,1
도로로,4
도로명,2
도로명주소,1
도로포장,2
도르뎡,3
도르레,1
도마뱀,5
도매시장,2
도무지,1
도보이,1
도블리,11
도블리네,3
도블리맘,4
도산서원,22
도서관,33
도솔봉,1
도솔암,1
도솔천,3
도시가스,1
도시락,24
도시숲,1
도시재생,23
도심지,4
도암면,2
도우미,3
도움말,1
도자기,12
도저히,19
도종환,1
도지사,2
도초도,2
도축장,1
도쿄올림픽,1
도토리,11
도토리묵,20
도톰판,2
도화지,2
독립기념관,1
독립운동,17
독립운동가,12
독립유공자,1
독버섯,1
독사진,1
독서실,30
독수리,1
독재자,1
독차지,1
돈가스,86
돈가쓰,2
돈까스,73
돈내코로,1
돈암서원,7
돈카쓰,1
돈코츠,1
돈코츠라멘,1
돋으샤,1
돌나물,2
돌다리,17
돌리지,2
돌멩이,2
돌방무덤,1
돌산읍,3
돌솥밥,47
돌솥밥안,1
돌솥비빔밥,8
돌았더랬,1
돌잔치,7
돌잡이,1
돌판위,1
돗자리,12
동검도,1
동계면,2
동고동락,1
동광양,1
동구릉,1
동국대학교,2
동국여지승람,5
동그라미,4
동글동글,5
동기부여,2
동남구,5
동남권,1
동남아,22
동남아시아,1
동남쪽,3
동났엌,1
동네예보,1
동대문구,7
동동주,12
동두천,4
동두천시,2
동래읍성,1
동명동,2
동명면,1
동문로,1
동물농장,4
동물원,14
동반성,1
동백꽃,2
동백나무,2
동백섬,1
동산병원,2
동서로,2
동성로,6
동송읍,2
동식물,8
동아리,2
동양인,1
동양화,2
동의보감,8
동이면,1
동일로,1
동일시,2
동족상잔,1
동진강,20
동진면,2
동창천,1
동창회,2
동춘당,1
동치미,14
동학사,2
동학운동,2
동학혁명,35
동해시,3
동해안,7
동호해수욕장,1
동호회,11
동화작가,1
동화책,4
돛단배,1
돼지갈비,74
돼지감자,3
돼지고기,124
돼지국밥,3
돼지껍데기,1
되겠댜,1
되겠쥬,1
되드라구,1
되세욤,1
되었슴,1
되었슴다,1
되었죵,2
되풀이,1
된장국,29
된장찌개,50
될고얌,1
됩니둥,1
두고두고,2
두꺼비,6
두더지,5
두둥낙,1
두둥실,1
두드러기,1
두레박,2
두려움,6
두루치기,11
두륜산,7
두릅나무,3
두만강,2
두메산골,2
두문동,1
두물머리,3
두바이,2
두번째,66
두부과자,1
두부김치,4
두산백,7
두스쿱,1
두승산,16
두촌면,1
두툼해,7
두툼했,1
두툼히,1
둑흔둑흔,5
둔산리,1
둘러보기,28
둘레길,53
둘이서,43
둥그런,4
둥근달,1
둥만둥,1
둥벙쓰,2
둥순둥,1
뒤엎은곳,1
뒤죽박죽,4
뒤통수,1
뒷걸음질,2
뒷골목,1
뒷다리,1
뒷동산,1
뒷마당,13
뒷모습,14
뒷받침,8
뒷이야기,1
뒷정리,1
뒹굴러,2
듀플러,1
듁스원두,2
듁스커피,2
듁은듁,1
드가자,2
드네용,1
드들강,1
드듸욜셰,1
드디더,1
드라마,72
드라마틱,1
드라이,12
드라이기,16
드라이버,4
드라이브,212
드라이브스루,1
드라이브인,1
드라이빙,1
드래곤,1
드래곤볼,1
드럼세탁기,2
드럼통,1
드렀다,1
드레스,6
드레싱,22
드로잉,2
드릉드릉,1
드림캐쳐,1
드립커피,9
드링킹,3
드음뿍,1
득량역,2
듣는둥마는둥,1
들국화,9
들기름,7
들깻잎,1
들라크루아,1
들락날락,1
들럿어,1
들어쥬라쥬,1
들엇어,1
듭니당,1
등기부,1
등나무,3
등대도,2
등록증,1
등산로,17
등산팸,1
등성이,1
등양루,1
등하교,1
등학색,1
디딤돌,2
디럭스,2
디스커버리,7
디스크,3
디스플레이,2
디오라마,3
디자인,41
디저트,678
디져트,7
디지털,16
디지털카메라,1
디테일,11
디플레,4
딘라반딘,1
딜런님,4
딜리셔스,1
딥슬립,1
딩굴댕굴자,1
딩굴방굴,1
따근따근,1
따끈따끈,5
따닥따닥,2
따땃하,2
따땃했다,1
따라서,57
따라쟁,2
따라쭈욱,1
따로따로,4
따릉쓰,4
따릉해,1
따흐흑,2
딱정벌레,1
딸기스무디,18
딸램구,1
딸아이,14
땀방울,1
땅끝관관,1
때로는,8
때마침,7
때무넹,1
땡겼더랬,1
떙그리,1
떡갈나무,1
떡갈비,307
떡볶이,124
떡뽂이,1
떡케이크,1
떨어트려,1
떨었댜응,1
떵일이,2
뗏뿌루,1
뗑이돌,1
또독또독,1
또띠아,3
또띠야,1
또르르,5
또바기,2
또박또박,1
똑바로,1
똘레똘레,1
똥강아지,1
똥글똥글,2
똥파리,1
뙇있어,1
뙤약볕,2
뚜둥안,1
뚜뚜뚜,1
뚝배기,60
뚤레뚤레,2
뚤렸어,1
뚱냥이,2
뚱다리,1
뚱땅뚱땅,1
뚱땡이,5
뚱보집,1
뚱사미,2
뚱카롱,14
뚱카롱집,1
뜨근뜨근,1
뜨근하,1
뜨락밖,1
뜨스운,1
뜻하늣,1
띄엄띄엄,2
띄우기,1
띠드라,1
띠띠뽀,2
띠블리,1
띠용맛,1
띡어놨눙,1
띤띤이,7
띵똥띵똥,1
띵킹띵킹,1
라디오,6
라떼아트,8
라라라,3
라반딘,52
라반딘라반딘,1
라반딘저,1
라벤더,1026
라벤딘,5
라볶이,1
라스트,44
라운드,10
라운딩,1
라운지,6
라이거,1
라이더,1
라이딩,38
라이브,5
라이스,46
라이언,1
라이트,9
라인업,8
라임에이드,9
라자냐,8
라쟈나,1
라즈베리,4
라코스트,2
라파엘,10
라흐멧,2
랃랃입좀보세,1
람보르기니,1
람사르,18
랍니닼,1
랍스터,2
랍시고,1
랑딸랑,1
랜돌프,1
랜드로버,1
랜드마크,15
량가량,1
러부얌,2
러브러브,1
러브스토리,2
러블리,3
러스크,1
러스트,1
러시아,1
러시아혁명,1
럭셔리,11
런닝맨,7
런치세트,1
럴럴할,2
레깅스,4
레드와인,1
레모나,1
레모네이드,2
레몬에이드,28
레몬이,5
레몬쥬스,1
레스토랑,40
레슬링,1
레시피,16
레어템,2
레이더,3
레이더망,2
레이디,1
레이브,1
레이스,64
레이싱,2
레이어,1
레이저,4
레이첼,3
레이크,3
레이티,1
레인보우,4
레일바이크,2
레전드,4
레츠꼬,1
레코드,5
레토르트,1
레트로,37
레퍼토리,2
레포트,1
렌탈샵,1
렌터카,9
렌트카,9
렛거즘,1
렛이랍,1
렛츠꼬우,1
렛푸릇푸릇,1
렸습니,1
로그아웃,1
로그인,15
로덕곡로,1
로데오,2
로드맵,2
로드킬,1
로띠맘,1
로맨스,4
로맨틱,6
로멘틱,1
로보틱스,1
로봇청소기,2
로부터,57
로스팅,6
로즈마리,8
로지은,2
로토스,2
로투스,11
로하스,12
록시갸토,2
록시드갸토,7
록시드캬토,2
롯데리아,10
롱패딩,1
루꼴라,1
루미큐브,5
루브르,1
루시드폴,3
루어낚시,1
루이보스,7
루이자,1
루주라,6
룸서비스,1
룸이긴,1
룸입니,2
룽감사룽,2
류시화,1
류효림,1
륜나임미,1
륜나입미,1
르네상스,1
르빰므,4
르빰므님,2
릇푸릇,3
리고동,1
리관산,1
리기다소나무,1
리뉴얼,1
리더십,2
리모컨,2
리무진,3
리셉션,3
리스크,1
리스트,28
리아노,1
리액션,2
리조또,41
리조트,89
리커버리,1
리코스,1
리투아니아,1
리트리버,1
리트리트,3
리포터,2
리프트,1
리플렛,5
리플릿,1
리필감,1
리필함,1
리하나,1
릴레이,1
립스틱,3
마가린,3
마검포항,1
마곡사,3
마구간,1
마그넷,2
마끼아또,11
마끼야또,9
마네킹,1
마늘빵,42
마늘장아찌,4
마니산,3
마니아,5
마들렌,43
마땅치,5
마라도,1
마라샹궈,2
마라톤,8
마량항,1
마령면,4
마르고,2
마르지,1
마르코프,1
마르크,1
마리나,6
마리네이드,1
마리면,1
마리서사,10
마리아,1
마리인,1
마무르,1
마법사,2
마블링,8
마사지,3
마산합포구,1
마성면,2
마셨더랬다,1
마쉬멜로,1
마쉬멜로우,1
마스블,1
마스코트,17
마스터,2
마시기,41
마시멜로,3
마시쥬,1
마실껄,1
마요네즈,16
마욘이,1
마우스,1
마운트,1
마운틴,2
마운틴듀,1
마운틴뷰,3
마음가짐,3
마음껏,31
마음대로,4
마음속,6
마이너,1
마이산,47
마이산탑,1
마이웨이,2
마이쫑,1
마이크,2
마이크로,1
마이크로소프트,1
마인드,9
마일리,1
마지기,1
마차도,1
마찬가지,39
마천면,1
마침내,4
마침표,2
마카로니,1
마카롱,248
마케팅,18
마켓팅,1
마키아또,1
마키아토,1
마타리,1
마트놀이,1
마티스,1
마틸다,1
마포구,1
마피아,5
막걸리,78
막국수,34
막내딸,2
막둥이,4
막무가내,1
막바지,7
막장드라마,1
만경대,3
만경사,1
만구경,1
만년동,1
만다라,1
만두국,6
만두라,1
만두소,6
만둣국,3
만듭니,6
만리장성,1
만만찮,1
만산홍엽,1
만석보,49
만이천원,1
만인의총,1
만장굴,1
만족감,13
만족도,10
만주사변,2
만천원,1
만천하,1
만칠천원,1
만항재,2
만화가,1
만화영화,1
만화책,4
만화카페,1
많았늠,1
많았슴다,1
말감픽,1
말똥가리,4
말랬는데,1
말랭이,9
말리화,1
말발굽,1
말이죵,1
말장난,1
말티즈,2
맘스터치,3
맘에듬,3
맛꼬방,3
맛나긔,1
맛다시,2
맛보기,24
맛이렸다,1
맛이쬬,2
맛이쮸,1
맛인뒈,1
맛있댜,1
맛있드라구욤,1
맛있엇어,1
맛있죵,1
맛있쥬,2
맛있쨔,1
맛있쪙,2
맛있쬬,1
맛집스멜,1
맜있어,2
망경동,1
망나니,1
망망대해,1
망부석,19
망아지,1
망운면,1
망원경,17
망원동,13
망진산,1
맞겠쥬,1
맞네욬,1
맞은편,146
매국노,1
매너리즘,2
매니아,5
매니저,9
매송리,1
매실주,1
매운갈비찜,24
매운정도,4
매운탕,160
매트리스,4
매표소,117
매화나무,2
맥도날드,3
맥문동,4
맥북프로,5
맥주잔,5
맨드라미,2
맴버십,1
맹글라바,1
맹글어야,1
머그잔,2
머그컵,9
머리글,1
머리띠,2
머리스타일,1
머리카락,6
머릿결,2
머릿고기,2
머릿돌,1
머릿속,6
머믈렀어,1
머선일,1
머쉬룸,4
머스켓,1
머스타드,1
머스터드,2
머시멜로우,1
머틀티,1
머틀티잔,1
먹거리,110
먹구름,7
먹깅짜장밥,1
먹꼬픈거,1
먹방러,1
먹어덴거,1
먹어랏,1
먹어보쟈구,1
먹어볼껄,1
먹어볼꼬,1
먹어봤죵,1
먹엇어,1
먹었댜,1
먹었더랬,1
먹었드,1
먹었슴다,1
먹을랭,1
먹이사슬,1
멀찌감치,2
멈뭄이들,1
멋대로,1
멋시룸,1
멋쟁이,3
멋지죵,1
멍뭄이,3
멍뭉이,13
멍석말이,1
멍이멍멍,1
멍청이,3
멍텅텅,1
멍하니,9
메뉴얼,1
메뉴인,55
메두사,1
메로나,8
메론빵,3
메리크리스마스,1
메리트,7
메모리,3
메모리카드,1
메밀국수,6
메밀막국수,1
메세지,5
메시지,7
메신저,1
메아리,1
메이드,5
메이저,1
메이져,1
메이커,6
메이크,1
메이크업,1
메이트,4
메이플,40
메이플스토리,1
메이플시럽,4
메추리,6
메추리섬,1
메타세콰이아,1
메타세콰이어,7
메타세쿼이아,8
메타쉐콰이어,2
메표소,1
멕시칸,4
멕시코,2
멘보샤,1
멜로디,1
멤버십,7
멧돼지,3
멧토끼,1
며느리,9
면도기,3
면사무소,2
면세점,1
멸가치,1
멸실되어,1
멸종위기,7
멸종위기종,9
멸치속,1
멸치젓,3
명대사,1
명덕로,2
명동성당,2
명란젓,2
명량대첩,6
명량해전,1
명륜당,20
명석면,1
명예훼손,2
명옥헌,1
몇년전,1
모과차,1
모내기,2
모노레일,3
모니터,5
모니터링,4
모닝커피,3
모닥불,3
모델링,17
모델하우스,1
모듬구,2
모듬북,1
모듬전,1
모락모락,6
모래사장,6
모루겟,1
모름지기,2
모먼트,2
모바일,22
모서리,6
모성애,2
모세혈관,1
모스크바,1
모심기,3
모싯잎,12
모아이,1
모악로,2
모악산,14
모양새,12
모양성,3
모여랏,1
모였쪄욤,1
모자라,2
모자이크,9
모조리,2
모짜렐라,2
모차렐라,1
모처럼,24
모터보트,1
모퉁이,2
모티브,3
모티프,1
모험심,1
모형도,4
모히또,2
모히토,2
목걸이,6
목구멍,1
목도리,2
목마름,1
목사동면,1
목소리,21
목요일,30
목욕탕,2
목이버섯,18
목적지,43
목천읍,2
목포시,1
몬테스,1
몬트리올,1
몰랏어,1
몰맀다,1
몰입도,1
몰티저스,1
몰티져스,1
몸무게,2
몸부림,1
못갔슴다,1
못난이,9
못땟어욤,1
못움질일,1
못하겄,1
못했댜,1
몽돌옥,1
몽블랑,5
몽산포,1
몽신냈어,1
몽실몽실,2
몽한적,1
묘도동,1
묘향산,2
무가당,1
무간지옥,1
무거워,7
무관심,1
무궁무진,11
무궁화,9
무궁화호,8
무기물,1
무기질,4
무기형,3
무너뜨릴수,1
무념무상,2
무당벌레,2
무더기,1
무더위,29
무드등도하,1
무드등들,1
무드있,1
무등산,17
무럭무럭,6
무력감,1
무령왕릉,1
무르익,2
무르익어,1
무르익으,3
무른곳,1
무릉도원,2
무법자,1
무병장수,2
무보정,7
무상함,1
무생채,7
무서웟,1
무서웡,1
무선인터넷,1
무성리삼층석탑,1
무성서원,307
무성의,1
무수리,1
무심코,3
무안군,4
무언가,21
무울씬캬,1
무의식,1
무인기,1
무인도,3
무작정,11
무장애,9
무장읍성,2
무장해제,2
무정부주의자,2
무제한,5
무주군,9
무주리조트,3
무주읍,1
무지개,6
무지개다리,1
무지막지,3
무진기행,1
무진장,5
무질서,1
무차별,1
무표정,4
무한도전,1
무한리필,29
무한정,1
무형문화재,8
무화과,24
묵방산,1
묵은지,54
묵호항,2
묶고호캉스,1
문간방,3
문경시,3
문광면,1
문구점,2
문내면,1
문막읍,1
문방구,7
문병원,2
문산읍,2
문수보살,1
문수사,1
문수산,1
문순태,1
문외한,1
문의면,1
문의사항,6
문인화,2
문장가,1
문재인,2
문제점,1
문지기,1
문지방,5
문체부,3
문하시중,2
문학관,6
문학산,1
문학작품,2
문화생활,4
문화센터,8
문화원,2
문화유산,70
문화재,44
문화제,6
문효세자,1
물가상승률,1
물고기,41
물금읍,1
물김치,5
물끄러미,1
물난리,1
물냉면,59
물냉비냉,1
물놀이,121
물렁거렷다,1
물렁입맛,1
물레방아,2
물뫼길,1
물방울,3
물빛길,1
물수건,4
물수세미,1
물수제비,1
물옥잠,1
물외암,1
물욕좀,1
물자체,2
물장구,1
물장난,1
물줄기,17
물짜장,4
물총새,1
물컹거리,1
물컹거릴,1
물탱크,1
물티슈,18
물폭탄,2
물푸레나무,1
뭉개구름,1
뭉게구름,3
뭉게뭉게,2
뭉근하,4
뭉퉁거리,1
뭐선일,2
뭐시기,1
뭐에욤,1
뭘보냐잉,1
뮤비촬영,4
뮤지컬,2
미국인,1
미꾸라지,4
미끄럼,3
미끄럼틀,9
미나리,8
미나리냉이,1
미나리아재비목,1
미네랄,2
미니멀리즘,1
미니미,7
미니바,9
미니벨로,2
미니어처,1
미니쿠퍼,1
미닉스,2
미닫이,3
미닫이문,1
미더덕,4
미듐레어,1
미드나잇,13
미디어,8
미디어아트,7
미디움,1
미라클,1
미러룸,1
미러리스,4
미러볼,1
미로찾기,1
미륵도,1
미륵사,3
미륵사지,6
미륵산,2
미리보기,1
미리암,1
미린다,1
미사대로,1
미사리,1
미사여구,1
미산면,2
미생물,5
미세먼지,43
미술관,203
미술품,3
미숫가루,19
미슐랭,2
미스터,2
미스트,4
미스티,3
미시령,4
미얀마,3
미어터졐,1
미역국,12
미완성,3
미용실,4
미원면,3
미인도,1
미장원,1
미조면,1
미즈노,8
미쳐버렷습니,1
미쳣어,1
미쳤쬬,1
미춋쪄,1
미키마우스,1
미텼구,1
미팅룸,1
미해결,1
미호천,2
미황사,4
믹서기,1
민간신앙,1
민간요법,1
민간인,1
민달팽이,1
민둥민둥,1
민둥산,1
민들레,23
민물고기,2
민물장어,9
민봉기,1
민성욱,1
민속놀이,6
민속자료,2
민속촌,6
민족사,1
민주당,10
민주주의,1
민주화,4
민해경,3
밀가루,35
밀곰밀곰,1
밀국수,4
밀양시,10
밀크쉐이크,4
밍기적거렸,1
밍숭맹숭,1
밍숭함,1
밍지님,3
및솔티,3
밑그림,3
밑바닥,1
밑빈찬,1
바가지,9
바게뜨,11
바게트,30
바구니,15
바깥쪽,18
바깥출입,1
바꿔쥬세,1
바나나,21
바나나칩,1
바느질,7
바늘꽃,1
바닐라,300
바닐빈,1
바다낚시,1
바다로,4
바다코끼리,1
바닥재,3
바닷가,34
바닷물,7
바둑알,1
바람개비,2
바람결,3
바람꽃,4
바람둥이,1
바람따라,4
바람소리,3
바랬는데,2
바랬었는데,1
바로가기,20
바리스타,7
바바리안,1
바베큐,54
바베큐치킨,2
바비인형,1
바비큐,4
바빈스,31
바빈스카페,1
바빈스하,1
바빳는데,1
바뿌겠지,1
바샤샥,1
바스락,1
바스크,24
바야흐로,2
바운드,1
바운스,3
바위솔,1
바윗돌,1
바이러스,14
바이바이,1
바이브,6
바이스,1
바이어,2
바이올린,2
바이크,3
바이킹,2
바작바작,1
바지락,65
바캉스,2
바케비,1
바케트,1
바코드,1
바탕화면,1
바트나이외쿠틀,3
박규영,1
박근형,22
박기준,1
박나래,1
박달재,1
박람회,3
박물관,186
박병민,1
박보경,1
박사유,1
박상현,3
박성연,1
박성하,1
박세채,1
박수갈채,1
박수근,1
박스터,1
박종석,1
박종일,3
박준승,6
박지민,1
박지성,1
박지현,1
박지호,1
박테리아,1
박하사탕,1
박혁권,1
박형근,2
박흥수,1
박희연,1
밖으러,1
반나절,1
반대쪽,17
반대편,32
반드시,35
반듯이,1
반딧불,6
반려견,23
반려동물,20
반바지,2
반세기,1
반스타,1
반영구,1
반월동,1
반정식,1
반찬거리,1
반포면,1
반하쟈,1
반했어,4
받았슴다,1
받침돌,2
발가락,1
발걸음,49
발달장애,1
발도장,2
발돋움,13
발랐쥬,1
발레리나,1
발바닥,7
발사믹,12
발생했쁸다,1
발자국,5
발자취,11
발장구,1
발전기,1
발전소,10
발코니,2
발품팔,1
발화점,1
발효식품,1
발효종,7
밝혔됳다,1
밣히자나,1
밤사이,2
밤하늘,6
밥그릇,1
밥먹쟈,1
밧데리,3
방각본,5
방갈로,1
방공호,1
방과후,1
방그레,4
방글라데시,1
방명록,11
방문객,35
방문자,42
방문했슘미,1
방바닥,3
방방곡곡,6
방부제,3
방사선,10
방사선사,1
방서희,2
방송국,9
방송사,1
방송인,1
방송작가,1
방송출연,1
방실이,1
방앗간,13
방앗잎,1
방울꽃,1
방울방울,2
방울새,1
방울토마토,18
방장산,6
방정환,1
방조제,28
방탄소년단,1
방파제,15
방패연,1
방포항,1
방학기,1
방향성,3
방화동,11
밪꽃필때,1
밭고랑,5
밭데기,1
밭밭밭,1
배경음악,1
배경화면,7
배나무,6
배드민턴,1
배랍니닷,1
배롱곷,1
배롱꽃,10
배롱나무,13
배바위,1
배산임수,8
배설물,2
배수로,1
배수문,2
배스킨라빈스,2
배움터,1
배장호,1
배추김치,20
배추속,1
배출량,1
배춧잎,3
배치도,6
배터리,12
배틀트립,6
배홍동같,1
백과사전,6
백김치,7
백남준,2
백년손님,1
백두대간,10
백두산,3
백두장사,2
백련사,3
백련암,15
백만배,1
백만원,8
백부장,1
백사장항,1
백사전,1
백색소음,6
백설공주,1
백설기,1
백악기,1
백암산,26
백양로,8
백양사,243
백양사역,3
백양산,3
백운동,1
백운동서원,3
백운면,2
백운산,3
백운정,1
백의종군,1
백일초,1
백일홍,16
백작약,4
백정기,70
백제국,1
백제기,1
백제보,1
백제시대,19
백제인,6
백종원,105
백주년,3
백프로,1
백화점,8
밸런스,4
뱀장어,2
뱃가죽,2
버거킹,3
버건디,1
버나놀,1
버는거,1
버드나무,6
버들치,1
버라이어티,2
버려진,1
버무러져,2
버무려,1
버무려낸,1
버무린,5
버물버물해,1
버블티,24
버섯모,2
버스광고,1
버스승강장,1
버스정류장,10
버스커버스커,1
버스킹,5
버시길,1
버억버억,1
버킷리스트,4
버킹검,1
버터빵,2
버터크림,1
버티고,2
버팔로,1
버팔로윙스,1
번갈아,3
번데기,9
번번이,1
번암면,4
번영로,2
번외편,1
번지점프,1
번쩌하,1
번호판,1
번화가,17
벌개미취,3
벌곡면,1
벌교역,2
벌깨덩굴,1
범어사,2
범일동,1
범퍼보트,2
법무사,2
법성포,6
법정기념일,1
법주사,4
법평리,1
법화경,1
법흥리,1
벙어리,2
벚꽃놀이,4
벚꽃로,183
벚나무,13
베네딕트,18
베네치아,1
베네틱트,1
베니스,3
베뤼베뤼,1
베르가,2
베르데,290
베르사체,1
베르크,1
베르트,1
베스킨라빈스,1
베스트,56
베이글,48
베이라,11
베이비,7
베이스,27
베이지,7
베이지색,3
베이직,1
베이징,1
베이커,2
베이커리,159
베이컨,54
베트남,11
베트남어,1
벡스코,1
벤처기업,2
벤치마킹,6
벨기에,3
벨로시랩터,1
벨로키랍토르,1
벼농사,1
벼룻길,1
벼슬길,2
벽골제,9
벽난로,6
벽련암,35
벽오동,3
변덕쟁이,1
변두리,1
변산면,11
변산반도,25
변전소,1
변진섭,1
변호사,3
변희봉,1
별다방,1
별똥별,2
별루없눈데,1
별스타,2
별자리,7
별처럼,3
병곡면,1
병뚜껑,1
병문안,2
병산서원,24
병아리,6
병영면,2
병오년,1
병자년,2
병자호란,1
병조판서,1
병충해,1
보건소,13
보고서,3
보국문,6
보금자리,1
보길도,7
보길면,1
보나마나,1
보냇습니,1
보너스,2
보다헷,1
보도국,1
보도기사,2
보도로,2
보도블록,5
보도자료,10
보드게임,16
보딩스쿨,1
보따리,6
보라보라,39
보라색,111
보라카이,2
보랏빛,114
보랓빛,2
보렵니,1
보령시,10
보르도,1
보름달,9
보리밥,18
보리밭,2
보리수,1
보리암,4
보리차,17
보림리,1
보림사,7
보문산,1
보물찾기,3
보부상,1
보상금,1
보성군,4
보성역,2
보성읍,2
보슬보슬,3
보양식,15
보양음식,1
보였댜,1
보온병,1
보은군,2
보이시,38
보이지,80
보이차,1
보일러,2
보자기,5
보정동,1
보조개,1
보조금,2
보존료,1
보천교,2
보탰다,1
보통학교,1
보행자,3
보험료,1
보현보살,1
보현사,1
보현산,1
보현산천문대,1
보호대,5
보호수,3
보호자,5
보호지역,5
복닥하,2
복덩이,1
복띵이,2
복분자,9
복분자주,6
복불복,1
복사꽃,1
복수초,4
복숭아,66
복숭아꽃,1
복자기,1
복지관,5
복합기,2
복흥면,19
볶음밥,152
본뇌르,1
본보기,1
본적지,1
본초강목,2
봄내음,2
봄맞이,4
봄바람,2
봄방학,1
봉건사회,1
봉건제,1
봉골레,17
봉덕리,11
봉래산,1
봉사자,2
봉산면,2
봉수대,1
봉숭화,1
봉오리,1
봉우리,38
봉정사,1
봉천동,1
봉천로,1
봉치떡,2
봉평면,2
봐야쥬,1
봣는데,2
봣습니,1
봥주세,2
부가가치,5
부곡면,1
부꾸미,4
부끄부끄,1
부남면,4
부녀자,2
부녀회,2
부대찌개,2
부동면,1
부동산,37
부드러움,9
부득이,2
부들부들,10
부란다,2
부랴부랴,17
부르르,1
부리고,2
부리나케,2
부리면,7
부모님,164
부비부비,1
부사관,1
부산관광공사,4
부산광역시,1
부산시,19
부산진구,1
부서장,1
부석면,1
부석사,2
부소산성,2
부스러기,2
부슬부슬,2
부슬비,1
부시맨,1
부시장,1
부안면,1
부안읍,4
부엉이,3
부여군,4
부여읍,2
부인과,1
부작용,2
부잣집,3
부전나비,1
부전동,10
부조리,1
부족함,9
부지런,6
부지면적,1
부직포,1
부채꼴,1
부채살,8
부채질,2
부챗살,4
부처님,18
부처님오신날,3
부처상,1
부천시,1
부친상,1
부침개,164
부트캠프,1
북도면,1
북동쪽,1
북만주,2
북방면,2
북방한계선,1
북상면,1
북새통,2
북서쪽,1
북유럽,1
북이면,3
북일면,3
북적거렸,1
북카페,6
북하면,21
북해도,3
북흥면,1
분갈이,1
분당선,1
분들껜더,1
분들쭈우욱,1
분리수거,4
분무기,1
분비물,1
분사기,2
분식점,3
분식집,28
분포도,1
분홍바늘꽃,2
분홍색,13
불가능,5
불갑면,2
불갑사,14
불고기,92
불교도,1
불국사,5
불규칙,2
불균형,4
불꽃놀이,3
불꽃쑈,1
불닭볶음면,2
불덩이,1
불로장생,1
불리웠,1
불리웠다,1
불매운동,2
불면증,5
불안감,4
불암산,2
불우헌집,2
불은면,1
불정면,2
불청객,1
불출몽,1
불투명,1
불판위,11
불포화지방산,1
불합리,1
불확실,1
붉으스름,2
붉은빛,5
붕어빵,1
붙임성,2
뷔릴레,2
브라더,10
브라우니,41
브라운,33
브라운슈가,1
브라켓,5
브래드,9
브랜드,49
브랜딩,1
브런치,704
브레드,18
브레이크,40
브레인,1
브로디,1
브로컬리,1
브로콜리,12
브루노,2
브루어,1
브루잉,8
브륄레,10
브리앙,14
브리핑,2
브브걸,1
블라인드,8
블랑코,3
블랙베리,1
블랙코미디,2
블랙펄,2
블랙홀,1
블랭크,1
블레드,18
블레스,2
블로거,64
블로걸,6
블로그인,1
블로퍼,1
블루베리,74
블루투스,5
블리다,2
블린이,1
블링블링,2
블테기,5
비공개,2
비공식,1
비구니,2
비균병,1
비금도,1
비냉파,1
비누방울,1
비눗방울,10
비닐하우스,4
비단벌레,19
비둘기,1
비디오테이프,1
비렁길,1
비로소,2
비로인,1
비로자나불,1
비릿한거,1
비릿함,1
비매품,1
비밀리,1
비밀번호,13
비밀연애,1
비밀통로,1
비바람,6
비발디,1
비비고,3
비비드,1
비빔국수,52
비빔냉면,70
비빔면,13
비빔밥,96
비빔짬뽕,154
비사문,1
비스듬,3
비스듬하,1
비스킷,2
비스타,2
비슬산,3
비양도,2
비엔나,3
비엔나소시지,1
비엔날레,2
비오톱,1
비온뒤,3
비웃음,1
비위생적,1
비응항,2
비응항쪽,1
비인면,4
비자나무,9
비자림,3
비즈니스,3
비지니스,3
비지터,1
비처럼,1
비키니,1
비타민,11
비탈길,3
비터스,3
비트코인,1
비포장도로,9
비행기,6
비행선,1
비홍로,1
빅데이터,8
빅코가족,2
빅토리아,6
빈공간,2
빈대떡,1
빈스베리스,1
빈자리,10
빌레르,1
빌리버,2
빗방울,14
빗살무늬토기,1
빗살창,1
빗자루,1
빗줄기,6
빙그레,1
빛바랜,1
빛번짐,2
빠르기,1
빠빠이,1
빠삭빠삭,1
빠삭하,3
빠순이,1
빠알간,2
빠졋자나,1
빡올빡올,1
빨간몰딩,1
빨간색,16
빨강이,1
빨치산,7
빳빳했던,1
빵꽁쀼,2
빵먹곸,1
빵찌기,2
빼곡히,1
빼빼로,1
빼빼로데이,1
빼툴하,1
뺑드깜파뉴,1
뺵뺵히,1
뻘줌하,1
뻘줌함,1
뻘쭘하지않겠죵,1
뻘쭘했,1
뻥튀기,8
뻬이버릿했던,1
뽀개기,1
뽀글이,3
뽀너스,1
뽀땃하,1
뽀또같,1
뽀로로,11
뽀로로케이크,1
뽀시래긴,1
뽀인트,1
뽑낻러,1
뽕나무,1
뽱터짐,1
뾰루지,4
뾰루퉁,3
뿌드드,1
뿌듯뿌듯,2
뿌러져,1
뿌리줄기,1
뿌셔뿌셔,1
뿌셔질뻔,2
뿌술게용,1
뿌시러,8
뿐더러,5
뿔뿔이,2
뿜뿜바람,1
뿜뿜받,1
뿜뿜이랄까,1
뿜뿜일본,1
뿜뿜입니,2
뿜뿜정읍,1
뿜뿜하,3
뿜뿜해짐,1
뿜뿜했던,1
뿜어나,1
뿜어져,5
삐리뽕,1
삔삔이,1
삘받아,1
사각형,1
사거리,33
사계절,77
사계항,1
사골곰탕,1
사과꽃,1
사과주스,5
사과쥬스,1
사과파이,1
사관학교,1
사나이,1
사내면,1
사내아이,1
사냥꾼,1
사다리,1
사다줭,1
사단법인,2
사대부,3
사라다,1
사람과,17
사람사람,1
사람살이,1
사람인,5
사랑니,1
사랑방,8
사량부,1
사루비아,1
사룽한다잉,2
사룽해,1
사르르,11
사리원,1
사리탑,1
사립대,1
사마요,1
사막여우,2
사만원,1
사모님,4
사모예드,5
사무소,22
사무실,37
사물놀이,5
사물함,9
사발통문,8
사보이,1
사북읍,1
사브르,2
사삼오,1
사상구,2
사생활,2
사서삼경,3
사슴벌레,1
사시미,12
사신도,1
사실관계,1
사십이,1
사업인,6
사업자,3
사용권,1
사용성,2
사용자,4
사우나,1
사워크림,1
사월초파일,1
사육자,1
사이다,20
사이드,37
사이버,5
사이사이,23
사이언스,3
사이조,1
사이즈,74
사이트,42
사일런스,1
사자성어,1
사적지,2
사전예약,14
사주지,2
사진가,6
사진관,7
사진기,8
사진빨,3
사진사,8
사진스폿,1
사진작가,16
사진전,4
사진첩,9
사진촬영,7
사찰음식,1
사천시,3
사천왕,2
사천왕상,2
사천원,1
사철나무,3
사촌격,1
사촌동생,6
사촌언니,6
사촌오빠,1
사카린,1
사쿠라,1
사탕수수,5
사투리,1
사파리,1
사하구,1
사화로,1
사회인,2
사후관리,1
산곡동,1
산기슭,7
산꼭대기,1
산나물,2
산낙지,2
산남로,2
산내면,114
산너머,1
산더미,1
산동면,2
산둥성,1
산들바람,1
산등성이,4
산딸기,3
산딸나무,1
산림조합,15
산림청,3
산마루,1
산모퉁이,5
산미구엘,1
산방산,3
산벚나무,1
산본동,1
산봉우리,5
산부인과,2
산비탈,3
산수유,26
산수화,1
산신령,1
산악회,3
산압니,1
산양읍,2
산업혁명,2
산업화,8
산외면,45
산울림,1
산이면,1
산자연,2
산줄기,1
산채정식,1
산책길,44
산책로,169
산척면,1
산천어,4
산체스,1
산토리니,2
산행후,1
산호수,13
살구꽃,2
살금살금,1
살다보면,2
살라미,9
살림살이,2
살림집,1
살얼음,22
살을늾,1
살인마,1
살코기,27
살쾡이,1
살포시,13
삼각대,9
삼각형,1
삼거리,28
삼겹살,141
삼겹스폐셜,1
삼계면,1
삼계탕,54
삼국사기,2
삼국시대,9
삼국유사로,1
삼길포항,1
삼나무,3
삼락동,1
삼락리,5
삼랑진,3
삼랑진읍,3
삼례역,1
삼례읍,1
삼박자,5
삼사십분,1
삼산면,1
삼삼오오,6
삼선짬뽕,3
삼성산,1
삼식이,2
삼십초,1
삼위일체,1
삼일장,1
삼일절,2
삼존불,1
삼척시,5
삼천동,2
삼총사,2
삼층석탑,17
삼탄역,1
삽겹살,2
삽교천,2
삿포로,1
상남자,3
상담시,1
상당구,2
상당산성,1
상당수,3
상대로,5
상대방,3
상동읍,1
상량문,2
상록구,1
상록수,1
상류층,18
상리탕,1
상무지구,1
상반기,5
상방리,1
상비약,2
상사화,22
상상력,2
상수도,5
상아색,1
상암동,1
상업시설,1
상업지구,2
상여소리,1
상전면,4
상주면,1
상주시,11
상징물,5
상차림,56
상춘객,5
상춘곡,15
상춧잎,1
상콤달콤,1
상콤시,1
상콤함,1
상타취,1
상평동,2
상품권,35
상품화,3
상하이,9
상하이사변,1
상해임시정부,1
샅샅이,1
새끼고양이,6
새내기,3
새로고침,1
새로웟다,1
새로이,2
새록새록,10
새마을,11
새마을금고,1
새마을호,2
새만금,42
새만금북로,1
새벽같이,4
새벽녘,2
새벽이슬,3
새색시,1
새소리,9
새송이,6
새신랑,2
새싹삼,2
새야새야,6
새우깡,2
새우등,3
새우젓,6
새초롬,4
새치기,1
새콤달콤,1
새호리기,1
색바랜,1
색색이,1
색소폰,2
색스폰,2
색연필,2
샌드된,1
샌드위치,196
샌딩및,1
샐러드,285
샐러듴,1
샘골정,7
생강차,9
생격나,1
생겼더랬다,1
생겼죵,1
생겼쥬,1
생겼쬬,1
생계비,1
생귤차,1
생극면,1
생글생글,1
생기지,1
생김새,8
생난리,1
생동감,9
생뚱맞,3
생리통,1
생마즙,1
생맥주,4
생명공학,5
생명과학,1
생명력,5
생명수,1
생명연장,1
생명체,5
생물권,6
생물다양성,10
생방송,4
생방송투데이,4
생산량,4
생생정보통,4
생선회,3
생으로,13
생일상,1
생정보,1
생채기,1
생초콜릿,10
생크림,88
생태계,31
생태관광,215
생활관,15
생활비,1
생활용품,7
생활의달인,16
생활화,4
샤르르,1
샤르르르,1
샤머스,1
샤브샤브,97
샤브집,4
샤브집와,1
샤슬릭,4
샤실릭,1
샤오미,1
샤워룸,2
샤워실,37
샴페인,4
샷샷샷,1
샷오늘,1
샷으루,1
샷입니,2
샹들리,12
샹들리에,1
서경별곡,1
서귀포,9
서귀포시,9
서기대,2
서까래,4
서나리,1
서낭당,4
서대문,1
서대문형무소,1
서대신동,1
서대전,1
서동요,1
서러움,1
서방정토,1
서북구,1
서브웨이,1
서븨스,1
서비스업,1
서사시,1
서산시,6
서삼릉,1
서상동,1
서생면,2
서서히,8
서성로,2
서식지,3
서신면,3
서연지,1
서영여고,7
서예가,2
서오릉,1
서울대,1
서울숲,1
서울시,2
서울역,11
서울특별시,15
서원철폐령,6
서이추,4
서인석,2
서장어,1
서정원,1
서종면,1
서지역,2
서천군,3
서커스,2
서택환,1
서편제,4
서포터즈,1
서프라이즈,3
서해안,10
석가모니,4
석가모니불,1
석가여래,1
석가탄신일,2
석갈비,19
석굴암,2
석기시대,1
석문면,2
석불입상,8
석장리,1
석적읍,2
석주로,1
석촌호수,1
섞박지,2
선견지명,1
선교사,3
선구자,2
선글라스,4
선바위,1
선봉군,1
선사시대,2
선생님,46
선샤인,1
선암사,6
선양루,6
선운사,70
선운산,93
선원동,1
선유도,19
선인장,4
선입견,6
선재도,1
선재리,1
선지국,2
선착순,23
선착장,5
선크림,3
선풍기,14
선홍빛,1
선화공주,1
섣불리,2
설거지,7
설겅설겅,1
설렁탕,12
설레임,4
설문조사,6
설상가상,1
설선물,1
설악동,2
설악산,19
설연휴,2
설운동,1
설천면,2
설특집,1
설프코너,1
섬유소,1
섬유질,2
섬진강,56
섬진강댐,12
성거산,1
성거읍,1
성결교회,3
성곡동,2
성공사례,1
성관계,1
성교육,1
성균관,2
성균관대,1
성남시,1
성내로,1
성당면,1
성덕대왕,1
성동구,1
성동일,1
성리학,11
성리학자,2
성북동,4
성산구,1
성산면,2
성산읍,1
성산일출봉,1
성산포,1
성성이,1
성애자,2
성의껏,1
성인봉,2
성주군,2
성주면,2
성주산,2
성지순례,6
성천항,2
성춘향,1
성취향,1
성탄절,2
성황리,1
세가족,2
세계박람회,2
세계보건기구,1
세공품,1
세네갈,3
세라믹,1
세레모니,1
세로글씨,1
세르반테스,1
세면대,32
세무서,12
세미나,7
세바퀴,1
세뱃돈,2
세상만사,4
세스코,2
세이브,1
세자매,1
세종대왕,1
세종시,4
세차장,1
세탁기,2
세탁물,1
세팅되,3
세팅된,1
세팅또,1
세팅해,1
세팅해주닞,1
센닝입니,5
센쓰쟁이셔,1
센트럴,7
센트럴시티,2
셀프서비스,3
셋뚜쎗투,1
셋이므,1
셋팅되,1
셋팅되어,3
셋팅된,3
셋팅됩니,1
셋팅합니,1
셋팅해,1
셋팅후,1
셔서둥스,1
셔틀버스,64
셰이크,2
소갈비,4
소갈비찜,1
소고기,125
소규모,13
소금강,2
소나기,10
소나무,118
소도시,6
소독약,2
소독제,8
소뚱빠,2
소록도,2
소림사,1
소매물도,2
소머리국밥,16
소믈리에,1
소백산,1
소백산맥,1
소비자,12
소설가,2
소성면,8
소세지,21
소쇄원,8
소수서원,19
소스류,2
소시지,8
소싸움,1
소아과,3
소양면,1
소영이,9
소요대사,2
소용돌이,1
소원면,2
소유권,1
소유자,1
소음기,4
소자본,5
소재지,11
소주잔,1
소지품,2
소진하,1
소프트,5
소프트아이스크림,4
소프트웨어,2
소화기,3
소화도,13
소화전,1
속리산,3
속리산면,1
속사정,1
속에후릅,1
속초시,3
속풀이,1
손가락,18
손글씨,4
손동작,2
손맛목,1
손바닥,8
손병희,3
손사래,1
손세정제,3
손소독,26
손소독제,23
손수건,6
손씻기,1
손아귀,2
손예진,2
손잡이,7
손재주,4
손찌릿,1
손편지,1
손호영,2
손홍록,7
솓구치,3
솔드아웃,9
솔루션,7
솔바람,1
솔방울,2
솔선수범,1
솔티골,1
솔티드,6
솔티숲,123
솔향기,2
솔향머,1
솜사탕,27
솟을대문,8
송골송골,3
송광사,5
송글송글,1
송나라,1
송년디,1
송년회등,1
송대관,8
송도유원지,1
송도해수욕장,1
송두리째,2
송라면,1
송리단길,1
송명섭,1
송병준,1
송사리,1
송산동,5
송산면,2
송선미,1
송세림,7
송시열,5
송엽국,1
송우암,1
송이버섯,7
송정리역,1
송정역,6
송정해수욕장,2
송제림,1
송죽길,5
송죽마을,5
송죽마을송죽마을,1
송준길,3
송지면,1
송지호,1
송참봉,16
송천동,3
송충이,1
송하경,2
송하진,1
송학동,1
송현동,1
송현리,1
송호항,1
쇠고기,7
쇠붙이,1
쇠소깍,2
쇼케이스,30
쇼콜라,18
쇼핑몰,6
숍입니,1
수강생,3
수경재배,3
수구문,1
수덕사,2
수도권,22
수도꼭지,2
수도원,2
수도자,2
수돗물,1
수동면,1
수라상,4
수레국화,1
수력발전,1
수로왕릉,1
수룡리,3
수리부엉이,7
수목원,31
수묵화,2
수박화채,1
수산물,18
수산시장,2
수상스키,1
수상한,1
수서곤충,1
수서역,4
수선화,7
수성구,1
수성동,352
수세미,1
수세식,2
수송동,1
수수료,4
수식어,10
수양버들,2
수영복,3
수영장,46
수완동,1
수용성,1
수원시,4
수원역,1
수원화성,3
수익금,3
수자원,1
수자원공사,2
수정과,9
수제비,34
수제사,1
수제천,11
수족관,1
수주면,1
수증기,1
수채화,1
수플레,3
수피아,1
수학여행,7
수행원,1
수형도,1
수화기,1
수확량,2
숙박동,2
숙박룸,1
숙박시설,34
숙박업소,5
숙빈최씨,7
숙셋이,1
숙주나물,8
숙회찜,2
순간이동,1
순간포착,1
순교자,13
순국선열,2
순두부,9
순두부찌개,6
순둥순둥,2
순딩순딩,2
순백색,1
순서대로,8
순식간,20
순우리말,4
순진무구,1
순찰사,1
순창군,64
순창읍,3
순천만,21
순천시,6
순천역,11
순환도로,7
순환버스,20
숟가락,82
술안주,9
숨바꼭질,1
숨쉬기,2
숨은그림찾기,1
숨펜션,14
숭덩숭덩,2
숭덩하,2
숭인동,1
숭일고,1
숲가파른,1
숲꽃잠,4
쉐이크,20
쉐킷쉐킷,2
쉐킷쉐킷가볍,1
쉐킷쉐킷해,1
쉬림브,1
쉬엄쉬엄,6
슈치즈,1
슈크림,13
슈크빵,2
슈패너,11
슈패너쫘좐,1
슈퍼맨,1
슉슉빠져,1
스고이,1
스끼없,1
스나이퍼,2
스냅샷,1
스노보드,1
스노우,17
스노우볼,1
스누피,1
스럽쥬,1
스롭다,1
스르르,2
스마일,6
스마트,34
스마트폰,15
스매싱,1
스며듭니,1
스모커,1
스무디,82
스무살,3
스믈스믈,2
스스로,34
스아실,1
스와로브스키,1
스웨덴,1
스웩있음,1
스위스,1
스위치,4
스위트,6
스을쩍,1
스카우트,3
스카이,4
스카이웨이,1
스카치,2
스카프,1
스캐너,1
스커스,1
스케이트,2
스케일,7
스케줄,2
스케쥴,2
스케치,3
스코니,2
스쿠터,2
스쿨버스,2
스쿱씩,1
스크럼,1
스크롤,3
스크린,17
스키장,5
스킨로션,4
스킨푸드,3
스타렉스,4
스타벅스,23
스타킹,1
스타트,5
스태미너,1
스탠다드,1
스탠드,3
스탠딩석,1
스탬프,15
스탬프팝,1
스터디,142
스테미너,2
스테이,5
스테이션,2
스테이크,50
스테인리스,1
스테파니,12
스텐드,1
스텐실,1
스텔라,2
스토리,66
스토리텔링,4
스토어,6
스톱워치,2
스투키,3
스튜디오,22
스트럭트스트럭트,1
스트레스,55
스트로,32
스트로베리,7
스트리밍,1
스트릿,2
스트링램프,1
스티로폼,1
스티커,15
스틸컷,1
스파게티,10
스파이,1
스파이더맨,2
스파이크,2
스파클링,4
스펀지,1
스페셜,21
스페인,7
스펙트럼,1
스펜서,2
스폐셜,2
스포츠,11
스폰지,2
스퐈실,1
스프레드,1
스프레이,1
스프링,2
스프링롤,1
스피드,2
스피커,18
슬그머니,2
슬금슬금,1
슬라이드,2
슬라임,2
슬러시,30
슬로건,3
슬로시티,6
슬로우,38
슬리브,2
슬리퍼,9
슬펐더랬다,1
슬포라하,1
슴미다꺄,1
슴슴한데,1
슴슴합니,1
슴슴해,2
습습니,1
승강기,1
승강장,12
승검초편,1
승락했다,1
승리자,1
승부역,1
승승장구,1
승용차,2
승차권,6
승촌보,2
승합차,1
승혀닌,1
시간권,4
시간대,47
시간여행,5
시간표,82
시공간,1
시공사,1
시금치,7
시기동,148
시기상조,1
시나리오,4
시나몬,14
시나몬롤,5
시내버스,18
시냇가,3
시냇물,4
시너지,46
시네마,2
시네마테크,14
시니어,3
시드라,1
시디즈,4
시래기,41
시레기,1
시루떡,1
시리얼,4
시리즈,9
시멘트,8
시민운동,1
시부모,4
시선집중,2
시스템,52
시시각각,3
시아버지,8
시어머니,25
시외버스,73
시운전,3
시장님,1
시청각,1
시청률,1
시카고,1
시켜볼껄,1
시켰숨돠,1
시크릿,3
시큰둥,1
시킬껄,3
시트콤,1
시티투어,4
시퓨은곳,1
시행착오,2
시화방조제,2
식곤증,1
식기구,4
식당가,11
식도락,1
식도염,1
식물섬유,2
식물성,2
식물원,42
식물학,1
식민지,1
식육목,2
식은땀,2
식이섬유,2
식중독,1
식충식물,1
식탁보,1
식후땡,2
식후콕,1
신가동,1
신갈정류장,1
신경계,1
신경수,1
신경안,1
신경통,4
신교대,2
신기하,1
신나라,1
신녕면,1
신대륙,1
신덕면,1
신데렐라,2
신도시,2
신동읍,2
신라면,3
신라시대,8
신륵사,1
신림면,3
신문지,1
신바람,1
신발장,11
신방로,1
신분제,1
신분증,10
신사복,1
신사참배,7
신생아,1
신선도,11
신선삼,2
신세계,18
신세대,1
신승훈,1
신시도리,2
신아영,1
신안군,3
신앙심,1
신용희,10
신웅리,1
신월동,44
신의주,1
신입생,1
신재효,2
신정동,18
신정원,1
신제품,2
신조어,2
신종교,1
신지도,3
신지면,1
신창동,2
신채호,1
신천지,24
신청서,7
신축년,4
신탄리역,1
신태인,55
신태인역,11
신태인읍,21
신평면,1
신호등,5
신혼부부,2
신혼여행,1
신혼집,5
신효동,1
신흥동,2
신흥사,1
실개천,1
실랑이,1
실루엣,2
실시간,22
실크로드,1
실키실키,1
심곡항,1
심박수,1
심부름,1
심사숙고,1
심사평가원,1
심상찮,2
심심찮,1
심심함,4
심야버스,1
심예슬,1
심원면,1
심은지,1
심인섭,1
심지어,66
심쿵사,1
심포항,6
심호흡,1
십만원,2
십이경,1
십이원,1
십이지,1
십이지신상,1
십자가,2
십자수,3
싯다르타,2
싱그랭,6
싱글벙글,1
싱기쓰,1
싱기해,1
싱기했던,1
싱숭생숭,1
싱크대,4
싱크로,5
싶었슴다,2
싶었죵,2
싶죠잉,1
싸가지,6
싸구려,4
쌀국수,71
쌍계사,1
쌍둥이,5
쌍떡잎식물,2
쌍룡리,1
쌍림면,1
쌍방울,1
쌍웅리,3
쌍치면,8
쌍화점,1
쌍화탕,452
쌓이네,1
쌔근쌔근,1
쌔지않,1
쌩둥맞,1
쌩뚱맞,2
써니윤,1
썸네일,8
쎈쓰쟁,1
쏭깨비,2
쑤블리,2
쑥부쟁이,5
쓰레기,23
쓰레기봉투,1
쓰왑쓰왑,1
쓰죠잉,2
쓰픽진진쓰픽,1
쓴웃음,2
씌여있기,1
씌익씌익,2
씨름인,1
씨리얼,3
씨받이,3
씸플함,1
아가서,1
아가시,1
아가씨,4
아가페,1
아구몬,4
아구찜,18
아궁이,11
아그라,1
아기자기,50
아나운서,1
아나키스트,2
아난다,1
아날로그,3
아네모네,42
아뉩니다,2
아늑햇,1
아늑햇던,1
아니곸,1
아니넴,1
아니쥬,3
아닌걸루,1
아다다,1
아도니스,4
아드님,4
아드보,2
아디오스,1
아띠블리,14
아라라,1
아라마루,1
아라뱃길,2
아라비아,9
아라빛섬,1
아라파,1
아라하,1
아랑곳,3
아래쪽,28
아래층,1
아랫목,3
아랫쪽,9
아로마,7
아로마테라피,2
아룸다움,1
아르떼,1
아르마니,1
아르바이트,1
아름드리,10
아름이,1
아리랑,5
아마데우스,2
아마존,3
아마추어,1
아메로,2
아메리카,3
아메리카노,556
아메리칸,5
아몬드,34
아무나,2
아므튼,1
아미노산,5
아미타부처,1
아미타불,6
아바이,1
아바타,1
아버님,23
아버지,31
아보카도,12
아부지,25
아사히,2
아산면,3
아산병원,10
아산시,3
아소영,1
아수라,1
아숩다진차,1
아쉬움,76
아쉬웁,2
아쉬웡,1
아쉽드,1
아스타,23
아스터,5
아스파라거스,1
아스팔트,2
아슬아슬,2
아슬위,1
아시아,19
아시아나,1
아시안,1
아식스,1
아싸라비야,1
아야진항,1
아우라,2
아우성,4
아웃도어,1
아웃백,4
아이덴티티,4
아이돌,1
아이디,4
아이디어,16
아이러니,4
아이리스,1
아이맥스,1
아이보리,5
아이비,7
아이스밀크,4
아이스박스,7
아이스커피,10
아이스크림,213
아이스티,56
아이스팩,3
아이슬란드,2
아이싱,3
아이유,27
아이콘,13
아이템,16
아이패드,2
아이폰,13
아이피,2
아인슈패너,2
아인슈페,1
아인슈페너,19
아일랜드,8
아저씨,28
아제르바이잔,1
아주대병원,1
아주머니,26
아줌마,10
아지랑이,4
아지트,19
아쩜이리,2
아칙고싯,2
아칙요식,1
아침밥,10
아침식사,15
아침햇살,2
아카데미,5
아카시아,1
아카이브,3
아쿠아리움,2
아크릴,2
아토피,2
아트윌,1
아틀리에,1
아티스트,1
아파트,69
아파해,1
아포가토,6
아폴로,1
아프리카,7
아홉수,1
악기장,1
악세사리,1
악센트,1
악순환,1
악천후,1
악학궤범,6
안개꽃,1
안길수,2
안남로,1
안남면,1
안내서,1
안내소,73
안녕하십니까,1
안뇨옹,1
안단테,1
안덕면,2
안도현,1
안동댐,1
안동시,16
안되겠니,1
안드네,2
안드로이드,1
안드로이드폰,1
안마당,2
안면도,7
안면읍,7
안목항,1
안봉석,1
안산시,6
안산암,1
안생샷,1
안성맞춤,21
안성시,4
안수민,2
안식처,2
안압지,2
안양루,1
안전교육,6
안전성,8
안정감,5
안정화,4
안젛아해,1
안주시,1
안주인,10
안중근,5
안지혜,1
안쫄아,1
안천면,5
안철수,1
안테나,1
안항섭,1
안흥항,1
앉았슴다핫플,1
앉은자리,2
않았슴다,1
않으닌까,1
알갱이,11
알겠슴,1
알곘다,1
알고리즘,1
알락꽃,1
알러지,4
알레르기,7
알로하,2
알록달록,31
알리바바,32
알맹이,2
알바생,11
알바인,1
알베르토,1
알슨생,1
알알이,8
알코올,3
알콜중독,1
알콩달콩,8
알파벳,1
알흠답,1
암릉또,1
암벽등반,1
암벽타기,3
암치료,2
암퇘지,2
압강옥압,1
압력밥솥,1
압력솥,1
압인기,1
앙꼬없는,1
앙드레,1
앙빵빠,1
앙상블,1
앙성면,2
앞다리,4
앞다릿살,1
앞마당,14
앞머리,2
앞바다,1
앞서서,3
앞치마,10
애견미용사,1
애견미용실,1
애견샵,1
애국심,1
애국지사,2
애기야,1
애니메이션,9
애벌레,2
애슐리,1
애완견,12
애완동물,7
애월읍,3
애프터눈,2
애플파이,9
애피타이저,6
애호가,5
애호박,21
액기스,1
액상과당,1
액세서리,2
액티부키,3
앤북스,1
앤티크,6
앨리스,3
앨범커버,1
앱스토어,2
앵두나무,1
앵무새,6
야구장,2
야기도,1
야단법석,1
야들야들,6
야무즤,1
야생고양이,1
야생동물,8
야생화,25
야시장,5
야영장,73
야영지,2
야옹이,3
야자수,1
야쿠르트,2
야탑역,1
야행성,1
약난초,2
약수터,6
약재료,1
약탕기,8
양갈래,1
양고기,1
양구군,1
양귀비,11
양귀비꽃,2
양남면,3
양념감자,1
양념장,22
양념치킨,1
양념통닭,1
양림동,2
양배추,40
양북면,1
양사언,1
양산도,1
양산면,1
양산시,1
양상추,7
양서류,4
양서면,1
양서파충류,2
양성면,1
양성우,1
양송이,2
양수리,1
양수빈,1
양양군,5
양으로,9
양은혜,1
양자강,303
양자수,2
양잿물,1
양정동,1
양조장,11
양주시,1
양지역,1
양천구,1
양파링,1
양평군,9
양포항,1
어게인,1
어금니,1
어니언,9
어두우,1
어두운,1
어두움,1
어두컴컴,1
어두컴컴쓰,1
어드벤처,6
어디가,33
어디었는,1
어딘가,15
어딘데,1
어딘인,1
어딧을까,1
어딨드,1
어떘을까,2
어뗗제,1
어레인지먼트,1
어려움,21
어룡동,1
어르신,75
어른벌레,2
어린시절,4
어린왕자,6
어린이,142
어린이날,2
어린이재단,2
어린이집,11
어머나,5
어머니,99
어머님,31
어머님께,1
어멈입니,1
어메니티,10
어메이징,1
어무니,1
어바웃타임,1
어반걸,2
어방동,4
어버이,1
어버이날,10
어부바,1
어사화,1
어서어서,5
어스름,1
어슴프레,2
어어어어,3
어우려져,3
어울림,8
어은돌,2
어젯밤,2
어죽같,1
어지러움,1
어징어,1
어째서,1
어쨌거,6
어쨌든,33
어쩌겠어,1
어쩌구,3
어쩌다가,4
어쩌면,22
어쩐지,24
어차피,26
어캐한거,1
어패류,2
어플리케이션,4
억지로,4
언냐덜,1
언니네,5
언덕길,1
언론사,2
언론인,1
언박싱,2
언양읍성,1
언어치료,1
언주로,1
언택트,22
얼그레이,18
얼떨결,2
얼렁뚱땅,1
얼마만큼,3
얼마였드,1
얼음장,1
얼음찜질,1
얼핏보,1
엄근진,2
엄동설한,1
엄마빠,1
엄마압찌,1
엄정면,1
엄지발가락,1
엄지손가락,1
엄청셔,1
엄청쫀득,1
업그레이드,19
업데이트,7
업로드,21
없겠쥬,1
없구욤,1
없댜비,1
없드라구,1
없습니닼,1
없었슴다,2
었습니,2
엉덩이,14
엉터리,1
엊그제,3
에그몽,1
에그베네딕트,46
에그인헬,30
에그타르트,49
에끌레르푸짐하쥬,1
에너지,17
에너지드링크,1
에다가,1
에델바이스,4
에디터,1
에뜨왈르,6
에르메스,3
에버랜드,4
에뻤어,1
에세이,3
에센셜,1
에스컬레이터,2
에스키모,4
에스프레소,23
에어드랍,1
에어드롭,1
에어리얼,5
에어비앤비,17
에어컨,61
에어콘,1
에어팟,8
에이스,6
에이트,1
에코랜드,1
에코비,1
에쿠스,2
에트로,1
에티엠기,1
에티오피아,1
에티켓,7
에펠탑,1
에폭시,1
에피소드,1
에피타이저,10
엑기스,2
엑설런트,1
엑스포,11
엔돌핀,2
엔지니어,3
엔터테인먼트,2
엔틱한,1
엔틱함,1
엔틱해,1
엘도라도,3
엘레베이터,6
엘리베이터,17
엘리스,1
엘리시움,1
엠블랙,1
엠엘엠,2
여고괴담,1
여고생,1
여깄습니,1
여닫이,1
여동생,2
여량면,1
여러가지,101
여러해살이,1
여러해살이풀,4
여름날,10
여름밤,2
여름방학,11
여름철,34
여름캠프,2
여리고,1
여서동,1
여섯시,1
여수공항,1
여수시,16
여수엑스포,1
여수엑스포역,7
여우주연상,1
여월동,1
여유도,5
여의도,3
여의동,1
여의었으,1
여의주,1
여자도,1
여자아이,2
여자애,1
여자친구,11
여주군,2
여주시,3
여주읍,1
여직원,2
여진구,1
여쩌보,1
여쭤볼껄,1
여태껏,1
여하튼,3
여학생,1
여행가,25
여행가이드,8
여행객,38
여행기,32
여행명소,2
여행사,7
여행사진,3
여행자,14
역류성,1
역사관,2
역사교육,1
역사탐방,1
역이기,2
연곡면,1
연관검색어,2
연구기관,2
연구소,22
연구원,22
연근조림,6
연기금,1
연기력,1
연기면,3
연날리기,2
연남동,1
연년생,1
연대기,2
연두빛,7
연두색,2
연둣빛,2
연뙧료전,1
연락망,1
연락처,48
연미복,1
연분홍,1
연산홍,1
연수구,1
연수동,1
연습장,2
연양동,1
연어초밥,3
연예인,26
연잎밥,1
연정훈,6
연주가,1
연주회,3
연중행사,2
연지동,74
연천군,5
연천읍,1
연초록,6
연탄구이,1
연탄재,10
연터랍니,1
연풍면,2
연합뉴스,9
연행사,1
열두시,2
열린음악회,1
열무김치,25
열사병,2
열씸히,1
열차표,1
열한시,2
염치읍,2
엽떡로제,3
엽떡파티,1
엽합회,1
엿샛날,1
였슘미,1
였어욤,1
영광군,3
영남면,2
영덕군,2
영도구,1
영도자,1
영동군,1
영동역,1
영등굿,1
영등동,2
영등포,3
영사관,2
영사기,1
영산강,8
영산포,1
영상통화,1
영수증,34
영암군,4
영암읍,3
영양가,1
영양면,2
영양성분,1
영양소,1
영양식,2
영어학원,4
영업비밀,1
영원면,14
영월군,7
영월읍,4
영은사,29
영의정,1
영장류,1
영정사진,2
영종도,6
영주산,1
영주시,2
영천시,5
영춘면,1
영춘제,1
영통구,2
영향력,1
영화감독,2
영화계,2
영화관,10
영화로,4
영화사,1
영화상,1
영화음악,1
영화제,7
영흥도,3
영흥면,5
옆구리,2
옆모습,2
예고편,1
예래동,1
예방접종,3
예배당,8
예뻐욤,2
예뻤댜까눌레,1
예뽀용,1
예뿌죵,1
예쁘닺,1
예쁘쁘,1
예쁘쟈,1
예쁘죵,1
예쁘쥬,1
예산군,3
예상외,2
예수교,1
예수님,1
예술가,4
예술인,2
예식장,8
예약판매,1
예지원,1
예천군,1
옐로우,3
옐로우스톤,3
오가면,3
오곡면,1
오골계,2
오구오구,1
오글룬,2
오기원,1
오늘날,7
오늘밤,1
오늘아침,1
오늘이,9
오대산,8
오도독,6
오동도,3
오두막,2
오들오들,4
오디션,1
오디오,3
오뚜기,1
오라버니,1
오락가락,12
오락실,2
오래됨,1
오래오래,6
오레오,18
오렌지,22
오렌지색,4
오로라,5
오륙도,3
오르다,1
오르락,2
오르락내리락,3
오르막,19
오른발,1
오른손,3
오리가,5
오리고기,20
오리로,3
오리엔테이션,1
오리탕,13
오마이,3
오마이갓,3
오만둥이,1
오만원,1
오매불망,1
오메가,1
오목조목,1
오믈레,1
오믈렛,1
오미자,49
오미자차,87
오밀조밀,4
오백원,4
오보면,1
오봉산,3
오블리주,1
오블릭,1
오상민,1
오상진,1
오션월드,2
오소리,1
오솔길,53
오순도순,1
오스트리아,1
오승열,1
오아시스,3
오오오,5
오오오오,2
오오오오오,1
오우야,1
오월드,1
오유민,1
오이김치,1
오이나,2
오이도,1
오이랑,2
오이만,1
오이소박이,2
오이지,4
오일이,1
오일장,2
오작교,10
오정구,1
오정혜,1
오조억,1
오조오억,1
오죽헌,1
오지랖,2
오지리,1
오지호,2
오징어,52
오천성,1
오천원,5
오층석탑,6
오케이,5
오키나와,1
오토바이,1
오트밀,10
오페라,1
오프라인,12
오프로드,1
오픈카,1
오피스,1
오홓홍,1
오히려,87
옥녀봉,7
옥도면,1
옥돌생,1
옥룡면,2
옥산서원,11
옥수수,15
옥진각,2
옥천군,2
옥천면,1
옥펜션,3
옥황상제,1
온난화,2
온누리,4
온누리상품권,5
온도계,3
온돌방,3
온라인,36
온비드,2
온정면,1
온종일,3
올가을,8
올랐죵,1
올레길,30
올리고당,1
올리버,15
올리브,8
올리브영,4
올리브오일,3
올리브유,1
올린다,7
올림픽,3
올망졸망,2
올빼미족,1
올여름,2
올인원,1
올챙이,3
옴뇸뇸,3
옷가게,6
옷가지,2
옷차림,3
옹기종기,10
옹달샘,2
옹동면,4
옹심이,1
옹진군,7
와르르,2
와보쟈,1
와봤슈,1
와사비,71
와서브런취,1
와야겐노,1
와이드,1
와이파이,40
와이파이존,2
와이퍼,1
와이프,18
와인잔,9
와일드,1
와쩌욘,1
와튼즈,1
완도군,7
완도읍,3
완동길,1
완두콩,3
완뚝정도,1
완락재,1
완산구,16
완산주,1
완저제,1
완전무결,1
완전체,4
완종주,1
완추완추,1
완충제,3
완판됐어,1
왓는데,1
왓을때,1
왓을땐,1
왔슴다,5
왔슴다저번,1
왔슴당,1
왔어욜,1
왔어욤,1
왔지욤,1
왕눈이,1
왕벚나무,1
왕산로,6
왕새우,7
왕세자,1
왜그러지,2
왜냐면,20
왜일렇,1
왜저뤱,1
왜케춥,1
외갓집,3
외계인,1
외교부,1
외국산,1
외국어,1
외국인,30
외도보타니아,1
외따로,2
외딴섬,1
외떡잎식물,1
외로움,5
외부모,1
외산면,1
외삼촌,5
외숙모,1
외아들,1
외양간,2
외옹치항,1
외잃엌해,1
외할머니,6
외할아버지,1
외환위기,1
요거슨,3
요거트,107
요구르트,5
요구사항,2
요다음,13
요러케,2
요렇구,1
요리사,2
요리조리,18
요시모토,2
요양원,1
요요기,1
요즈음,4
요지경,1
요지부동,1
요촌동,2
욕지도,1
욤귀욤,3
용계동,1
용굴암,5
용궁면,1
용궈니,2
용궐산,6
용담댐,9
용도지역,4
용두머리,3
용머리,3
용문면,3
용문산,3
용문역,1
용봉동,2
용봉탕,1
용비어천가,1
용산동,6
용산역,7
용유해변,1
용의자,2
용적률,1
용주면,2
용천사,1
용촌산,1
용해도,2
용호동,1
우거지,9
우금치,4
우도면,1
우드랜드,4
우러나,2
우러나면,3
우러나서,1
우러나온,4
우러났는,1
우렁된장,5
우렁쌈밥,8
우렁쌈밥쥡,1
우렁쌈밥집,1
우렁쌈장,6
우렁요리,1
우렁이,387
우렁초무침,4
우루스,1
우르르,3
우리껀,1
우리네,1
우리동네,11
우리둘,3
우리땅,1
우리말,4
우리별,1
우리엄마,2
우리은행,1
우산도,6
우삼겹,1
우석대학교,3
우성면,1
우수상,1
우수수,1
우수영,9
우스개,1
우스갯소리,1
우암로,61
우여곡절,8
우연이,1
우연찮,2
우영식,2
우울증,1
우적우적,1
우정호,2
우주관,1
우주선,2
우주소,1
우즈베키스탄,2
우즈벡,1
우체국,9
우체통,10
우쿨렐레,1
우크렐레,2
우포늪,5
우헤해,1
우후죽순,2
우히히,1
우히히히,1
운겉바,1
운동량,2
운동벙,1
운동장,21
운동화,12
운림산방,1
운문면,3
운문사,1
운봉읍,1
운서동,1
운서정,1
운암면,23
운일암,2
운전기사,3
운전대,2
운전면허,2
운전사,1
운전자,3
운종리,1
운주면,3
운주사,5
울긋불긋,16
울돌목,3
울음소리,2
울주군,3
울진군,3
울타리,7
울트라,1
움직임,12
움츠러,1
웃음꽃,1
웃음소리,1
웅덩이,4
웅웅거림,1
웅진동,1
웅천동,2
웅천읍,1
웅포곰,1
워밍업,2
워셔액,1
워크샵,4
워크숍,2
워킹맘,1
워터파크,54
원거리,1
원고료,3
원광대,1
원광보건대,3
원남면,2
원더풀,1
원데이,18
원동력,3
원두막,5
원북면,1
원불교,1
원뿔형,1
원산지,25
원산항,1
원숭이,2
원운동,1
원자력,4
원자력발전소,1
원적외선,2
원전항,1
원주민,1
원주시,5
원평동,1
원피스,14
월계수,2
월곶면,1
월남쌈,71
월드컵,1
월드컵경기,3
월드콘,4
월미도,1
월봉샘,2
월성동,1
월성원자력발전소,1
월악리,1
월악산,2
월영교,14
월욜날,1
월정사,7
월출산,15
월포해수욕장,1
월풀덕,1
월행잉,1
웨건끌,1
웨딩촬영,1
웨딩홀,3
웨리단길,1
웨스턴,3
웨스트,1
웨이브,1
웨이팅,28
웨이퍼,1
웰니스,1
웰시코기,3
웹사이트,8
위기종,5
위너스,1
위덕왕,1
위령비,1
위메프,2
위생용품,1
위성사진,1
위아래,2
위원장,1
위원회,17
위장병,1
위천면,1
위태로웠던,1
위태롭다이날,1
위험성,1
윈도우,1
윗사람,1
유곡면,3
유곡천,1
유기농,33
유남쌩,1
유네스코,114
유년기,2
유니세프,1
유니콘,2
유니크,3
유당불내증,1
유람선,2
유레카,2
유료도로,1
유리온,1
유리잔,4
유리창,27
유리컵,2
유명산,4
유명인,3
유명인사,2
유모차,26
유바유,1
유병재,7
유병철,1
유부도,7
유부초밥,10
유사시,2
유산균,10
유상곡수,4
유상철,1
유성엽,5
유스퀘어,7
유실수,1
유아기,1
유아식,1
유안진,1
유연제,1
유원지,62
유의사항,3
유자명,1
유자차,18
유자청,3
유재남,1
유적지,34
유전자,3
유제품,3
유준상,1
유지관리,1
유지니,1
유지비,6
유지시,3
유창순,2
유채꽃,22
유치원,5
유투브,1
유튜버,3
유튜버입니,1
유튜브,48
유학생,3
유학자,8
유한회사,1
유행병,1
유형문화재,7
유형원,2
육각형,1
육개장,27
육두문자,1
육백원,1
육아휴직,1
육의전,2
육천원,1
윤가영,1
윤금선,1
윤동주,1
윤보선,1
윤봉길,7
윤블리,1
윤삼월,1
윤석중,1
윤선도,3
윤수지,1
윤시윤,1
윤여일,4
윤윤윤,1
윤이상,1
윤인선,1
윤지충,1
윤진이,1
율곡로,3
율림리,1
윰이사,1
윱슐랭,2
윱입니,2
윶형수,1
윷놀이,12
으랏차,2
으른들,2
으른입맛,1
으스스,1
으슬으슬,4
으쌰으샤저,1
은나라,3
은방울꽃,2
은선리,1
은연중,1
은의자,1
은장이,1
은하수,16
은행나무,27
을사늑약,5
을사조약,1
을씬연,1
읆조리,1
읊었다,3
읊었다고,1
음료수,44
음성군,3
음소거,2
음식물,17
음식사진,7
음악분수,14
음악회,3
음으로,2
음이온,1
음주운전,2
응급실,1
응급처치,1
응봉면,1
응호아,1
의령군,12
의료관광,1
의료기기,2
의병장,2
의사소통,2
의성군,1
의약품,2
의자왕,3
의정원,1
의주로,1
의지력,1
의창구,1
이강일,1
이강하,1
이거루,1
이거슨,6
이경호,2
이광복,1
이구경,1
이국주,2
이글루,11
이기대,2
이기세,1
이기심,1
이나고,1
이나라,1
이나무,1
이노베이션,1
이니스프리,1
이대교,1
이도재,1
이동국,6
이동면,1
이동식,4
이동재,1
이동해,11
이듬해,6
이디야,26
이라뇨,1
이랫다,1
이러헥,2
이렇슴다,1
이력서,1
이르렀다,2
이르렀던,1
이르케,2
이만원,1
이매역,1
이메일,7
이명원,1
이모저모,2
이모지,1
이모티콘,2
이몽룡,2
이무기,1
이문영,1
이미영,1
이미지,60
이바지,2
이방인,2
이벤트,132
이병호,1
이보영,2
이봉창,6
이비가,5
이비인후과,1
이뿌니,1
이쁘긔,1
이쁘댠,1
이쁘졍,1
이쁜긔,1
이쁜이,2
이쁠꼬,1
이사고,1
이사부,1
이사장,3
이사준,1
이산가족,1
이산화탄소,1
이상길,1
이상만,1
이상무,1
이상승,1
이상아,1
이상은,14
이상인,4
이상일,2
이상향,3
이상현,1
이서구,3
이서운,1
이성계,2
이성당,9
이송이,10
이숙성,1
이순신,34
이순신대교,2
이스트,1
이시이,1
이심전심,1
이쑤시개,1
이아주,5
이앙기,1
이어도,5
이어진,13
이어폰,4
이엘티,1
이연결,1
이열리,2
이열치열,6
이영주,1
이오나,1
이왕이면,5
이용구,1
이용권,8
이용도,4
이용문,1
이용수,4
이용실,1
이용자,15
이용주,1
이용태,3
이용했더랬,2
이웃집,1
이유리,4
이유식,1
이윽고,1
이은별,1
이이이이,1
이이이이이이이,1
이인기,1
이인상,2
이자벨,12
이장우,1
이정성,1
이정식,4
이정재,1
이정표,20
이제껏,3
이제야,27
이제일,1
이종건,1
이주연,1
이중문,2
이중섭,2
이지나,1
이지용,2
이진영,1
이찌할꼬,1
이창원,1
이처럼,10
이천원,5
이최응,2
이커뼤머스,1
이케아,2
이탈리아,11
이탈리안,6
이태일,2
이튿날,2
이틑날,1
이파리,11
이평면,31
이포보,1
이하나,3
이한복,1
이한우,1
이해도,1
이해력,1
이해용,1
이해인,1
이해찬,2
이해해,1
이현욱,1
이현재,1
이호동,1
이호섭,1
이화령,2
이회영,1
이효석,1
이희맹,1
익산역,7
익선관,1
익스트림,1
익어랏,1
익호오,1
인간관계,1
인계동,1
인공호,6
인내심,2
인더스,1
인더스트리얼,3
인덕션,5
인도교,1
인도네시아,2
인력거,1
인목대비,1
인문학,4
인물사진,4
인버터,2
인사동,64
인산인해,10
인생샷,20
인센티브,1
인셋트메뉴,1
인스타그램,66
인스탁스,1
인스턴트,3
인왕동,2
인절미,28
인정식,1
인정이,5
인제군,3
인제읍,1
인조잔디,7
인주면,1
인증샷,52
인증서,2
인지도,16
인지상정,3
인천공항,3
인천광역시,3
인천대,1
인터넷,63
인터뷰,5
인터파크,1
인터폰,1
인턴십,1
인프라,21
인피니티,1
인헬쉬,1
일가견,1
일곱시,1
일광면,1
일광욕,2
일광해수욕장,1
일기예보,14
일기장,1
일대기,2
일러스트,2
일렁일렁,1
일렉기타,1
일로읍,1
일만이천,1
일반인,4
일본군,12
일본도,1
일본말,2
일본사람,2
일본어,14
일본음식,1
일본주,1
일부러,49
일부분,4
일부인,5
일삼오오,1
일상생활,4
일석이조,13
일식집,1
일어나고,2
일어나서,14
일어나지,1
일어난다,1
일운면,3
일월오악도,1
일일이,3
일자리,41
일제시대,2
일주일,37
일직선,2
일찍이,7
일편단심,1
일회용,32
일회용품,6
임경희,1
임고면,3
임권택,25
임금님,13
임꺽정,2
임대료,3
임대주택,1
임랑해수욕장,1
임방울,1
임병찬,7
임산물,26
임산부,9
임수경,1
임시정부,3
임용고시,1
임자도,2
임진각,2
임진강,1
임진아,1
임진왜란,27
임팩트,2
임펙트,1
임형준,1
임화영,1
입가심,42
입구샷,1
입맞춤,1
입버릇,1
입암면,14
입암산,7
입암산성,3
입압산,1
입장권,54
입점리,1
입천장,6
입춘대길,1
입출국,1
입틀막,4
입학식,1
잆으셨다,2
잇님덜,2
잇님들,32
있겠죵,1
있구욘,1
있네욤,1
있네욬,1
있는룸,2
있는청평셋트,1
있다뇨,1
있다닝,1
있드라구,2
있드악,1
있숩니당,1
있슴니,2
있슴다,3
있슴다저,1
있슴동,1
있습니딘,1
있어욤,2
있엇네,1
있었긔,1
있었넹,2
있었댜,1
있었슴,1
있었죵,2
있음댜뿅,1
있쬬옴,1
잉글리쉬,1
잉글리시,2
잉어목,1
잉힐군,1
잎사귀,7
자가용,4
자갈길,3
자갈치,1
자격증,7
자금지원,1
자기만족,1
자기애,1
자기야,2
자꾸만,15
자넨딸기,1
자동차,37
자동화,2
자랑거리,4
자르르,2
자리야,1
자마자,61
자몽주스,8
자몽쥬스,13
자물쇠,5
자본주의,1
자부심,20
자산운용,1
자신감,8
자아도취,1
자양강장제,4
자연도,3
자연보호,1
자연석,9
자연인,1
자연자원,1
자연재해,5
자연환경,6
자연환경연수원,1
자연휴양림,30
자외선,2
자원봉사,3
자유민,1
자유수호,2
자유시간,3
자유여행,2
자율성,1
자은도,1
자은면,1
자이언트,4
자일리톨,1
자작나무,1
자장면,12
자전거,133
자전차,1
자존감,1
자존심,1
자주독립,2
자주색,2
자줏빛,3
자체발광,1
자치기,2
자치행정,1
자칫하면,3
자쿠지,1
자타공인,1
자투리,4
자판기,17
자화상,1
자화자찬,4
자회사,3
작대기,1
작살나무,3
작성자,3
작업실,1
작은딸,1
작은말,1
작은방,5
작은아들,3
작은아버지,1
작품하나,1
잔기침,1
잔디밭,30
잔병치레,1
잔뿌리,1
잔소리,8
잔재미,1
잔치국수,11
잔톱니,1
잘짜른다,1
잘해야,3
잘했댜,1
잠금장치,1
잠꾸러기,1
잠두봉,1
잠만보,1
잠수교,1
잠자리,9
잠재력,2
잠정목록,7
잡았더랬,1
장거리,28
장구도,1
장국밥,1
장기면,1
장기영,1
장기철,1
장기판,1
장난감,19
장단점,1
장대비,3
장도연,1
장독대,13
장래희망,1
장례식,3
장로회,1
장마전선,1
장마철,4
장맛비,4
장맛속,1
장명동,52
장모님,7
장목면,1
장미꽃,7
장미나,1
장바구니,3
장바닥,1
장보고,5
장보기,1
장본인,1
장사시,4
장사진,2
장산도,1
장산로,217
장성군,39
장성읍,4
장성호,51
장소라,1
장수군,9
장수로,1
장수읍,1
장수풍뎅이,2
장순천,1
장승업,1
장시간,6
장식품,8
장아찌,61
장안구,1
장안산,5
장안읍,2
장애물,2
장애우,1
장애인,23
장어구이,19
장어즙,1
장영란,1
장읍시,1
장인어른,1
장인정신,1
장자도,1
장작더미,1
장정식,13
장조림,3
장지문,1
장지원,2
장충동,1
장학금,1
장항선,1
장호항,1
장흥군,2
재개발,1
재건축,2
재규어,2
재능기부,1
재떨이,1
재래시장,11
재래식,3
재미나,6
재밋게,1
재사용,2
재산관리,1
재스민,2
재작년,6
재주껏,1
재탄생,8
재택근무,1
재테크,18
재활용,4
잼버리,3
잼써퓨웅,1
잿말랑,1
쟁반짜장,9
쟁이셔,1
쟁점들,1
쟁탄전,1
저고리,3
저구항,1
저녁때,4
저녁밥,22
저녁식사,21
저만큼,4
저수량,3
저수지,204
저에욤,1
저작권,9
저작권법,2
저절로,40
저쩌구,1
저출산,1
저학년,2
저혈압,1
적당량,5
적뚜마,2
적멸보궁,1
적상면,1
적설량,1
적성면,2
적양배추,3
적응도,1
적재적소,2
적투마,1
적혀잇쥬,1
전곡읍,2
전곡항,1
전공자,2
전국체전,1
전국투어,7
전기난로,1
전기밥솥,2
전기자전거,2
전기장판,2
전기차,5
전기포트,4
전나무,5
전남대,6
전남도,3
전남친,5
전단지,2
전도사,13
전동성당,5
전동차,8
전등사,1
전라남도,67
전라북도청,4
전라선,5
전립선,1
전망대,345
전망타워,1
전문가,28
전문대,2
전문성,1
전문점,79
전문학교,1
전민경,1
전복돌솥밥쪼아쪼,1
전복장,27
전복죽,4
전봉준,146
전부일,1
전북대,4
전북도,15
전북도지사,2
전북도청,4
전북일보,6
전북지사,2
전북현대,2
전성기,2
전세계,4
전세버스,1
전수영,1
전시관,65
전시장,5
전시품,4
전시회,17
전신주,1
전야제,2
전에트,1
전원주택,5
전자레인지,9
전자렌지,5
전자선,1
전자제품,3
전주객사,2
전주대,2
전주대학교,3
전주동물원,14
전주성,5
전주역,4
전주지방검찰청,1
전주천,2
전체샷,4
전통문화,20
전통미,3
전통빵까눌레,1
전통주,3
전현무,1
전화영,1
전화통화,1
절구통,1
절대로,8
절레절레,1
절이도,1
절체절명,1
젊은이,9
점바점,1
점박이,2
점심때,13
점심밥,4
점심시간,120
점심식사,25
점점이,1
점층법,1
접근성,30
접시꽃,5
접이식,2
접착제,2
젓가락,65
정가랗,1
정강이,1
정거장,4
정겨운,29
정과정,1
정극인,37
정글짐,1
정금나무,3
정기권,1
정남진,9
정다운,2
정대현,1
정동진,3
정류장,22
정리정돈,3
정림사지,3
정말루,3
정면도,1
정명도,1
정몽주,1
정묘호란,1
정문술,2
정문화,1
정민주,1
정반대,2
정보검색,2
정보라,1
정보석,1
정보처리,1
정보화,1
정비공,1
정산면,1
정상인,3
정서연,2
정서진,1
정선군,6
정성껏,12
정성만,1
정수기,13
정수리,4
정순왕후,1
정신과,5
정안면,2
정안휴게소,1
정암사,1
정약용,2
정여립,1
정여창,7
정우당,1
정우면,8
정우성,1
정원관,1
정원사,4
정원수,3
정원식,2
정유림,1
정유재란,6
정육점,18
정읍군,4
정읍기상대,1
정읍사,594
정읍세무서,24
정읍스벅,1
정읍여고,2
정읍역,229
정읍우체국,2
정읍학숙,1
정읍현,35
정이천,1
정주시,1
정주역,1
정주읍,1
정주하,1
정지상,3
정지용,1
정지인,1
정천면,4
정치가,1
정치권,1
정해진,11
정혁진,1
정현준,1
정형외과,1
정혜루,20
정혜루는,1
정호승,6
정화수,2
정화암,1
제각각,4
제각기,3
제과점,22
제과제빵,1
제기차기,10
제네시스,1
제노포비아,1
제리코,7
제부도,2
제약회사,1
제원면,1
제이레빗,2
제이스,1
제일고,1
제자리,5
제작비,1
제조업,1
제주시,12
제천시,7
젠트리피케이션,1
젤라또,56
져버렷겠구,1
졈그랄셰,1
조각가,2
조각보,1
조각상,8
조각품,2
조감도,5
조개류,1
조개찜,2
조경수,1
조경이,19
조경철,1
조계종,6
조광조,2
조그만,10
조달청,1
조롱박,2
조롱조롱,1
조리법,1
조마면,1
조마조마,1
조만간,55
조명도,30
조명등,1
조명하,1
조목조목,1
조미료,7
조병갑,26
조사리,2
조사해,1
조선문학,1
조선시대,72
조선왕조,31
조선인,1
조선조,1
조선통신사,1
조선팔경,1
조성면,1
조성은,1
조성하,17
조승우,1
조안면,2
조양동,1
조오오,2
조용조,3
조용필,1
조윤서,1
조정석,1
조정현,3
조정호,1
조차장,1
조천읍,1
조치원,3
조팝나무,2
조합원,1
조형성,1
조화로,6
조화로움,1
족제비,3
족제비싸리,1
존경심,1
존꿀맛,1
존맛담,1
존맛임,3
존맛탱,4
존잼빈,1
존존존존맛,1
졸업생,1
졸업식,1
졸졸졸,4
졸졸졸졸,2
좀벌레,1
좀처럼,8
종교인,1
종로구,4
종묘서,1
종소리,3
종아리,2
종업원,4
종이컵,16
종잇장,1
종잣돈,1
종황길,3
좋겠쥬,1
좋구룸,1
좋드라구,2
좋슴다,1
좋습니댜,1
좋아힌,1
좋았댜,1
좋았슈슈,1
좋았슘미,1
좋았슴다,3
좋았죵,2
좋앟어,1
좋은겐,1
좋은뎁,1
좋은쫄깃,1
좌르르,7
좌수사,2
좌회전,5
죄수복,1
죄책감,1
죠리퐁,5
죠아죠,1
주객전도,1
주거지,5
주거지역,2
주교동,1
주교좌,1
주근깨,1
주글뽄,1
주기도,12
주꾸미,4
주돈이,1
주둥이,1
주렁주렁,5
주룩주룩,6
주르르,1
주르륵,4
주머니,9
주먹밥,19
주먹질,1
주무관,2
주문모,1
주문진읍,1
주물럭,57
주물럭안,1
주민드,1
주민등록,5
주방용품,1
주변인,3
주상절리,4
주섬주섬,1
주세붕,5
주소지,2
주식회사,2
주얼리,1
주왕산,7
주우정,2
주유소,9
주의보,2
주인공,34
주자학,1
주전부리,39
주전자,19
주제가,2
주지훈,4
주진천,2
주짓수,3
주차공간,75
주천면,2
주춧돌,1
주택가,21
주현지,1
주화니,1
주황색,8
죽림교,2
죽림리,1
죽방렴,1
죽변면,1
죽산면,2
죽왕면,2
준비물,10
줄거리,3
줄고사리,2
줄넘기,1
줄무늬,2
줄줄이,5
줏어먹,1
중간지점,10
중계방송,1
중고생,7
중국말,1
중국산,9
중국어,4
중국요리,3
중국음식,4
중국인,4
중국집,72
중대사,1
중동면,1
중부내륙,1
중부지방,2
중산동,1
중산층,1
중소기업,6
중심부,8
중심시가지,2
중심지,14
중앙시장,2
중앙정부,1
중요성,8
중입자,1
중장비,72
중학교,11
중학생,8
중화요리,13
쥐꼬리,1
쥐똥나무,1
쥬라기,1
쥬씨해,1
쥬얼리,4
쥬팀장,1
쥰맛탱,1
즉석식품,1
즉석카메라,1
즐거움,44
증도면,1
증맬루,2
증명사진,2
증명서,4
증산동,1
증심사,5
증장천왕,1
지구대,1
지구본,8
지구온난화,1
지구인,2
지국천왕,1
지그시,1
지그재그,2
지금껏,4
지난날,2
지난달,4
지난번,51
지난주,27
지난해,32
지니어스,1
지도사,1
지도읍,1
지도자,22
지렁이,1
지름길,1
지름신,1
지리산,46
지린성,2
지못미,1
지방공무원법,1
지방도,2
지방산,1
지방선거,1
지방세,2
지방자치단체,3
지방직,1
지방질,4
지산동,1
지상파,1
지성인,2
지식인,4
지아비,1
지에스,1
지역구,1
지역별,4
지역화,2
지역화폐,4
지우개,1
지원이,1
지은지,1
지이미,1
지자체,21
지장보살,3
지정면,4
지정석,2
지정식,1
지중해,13
지지대고개,1
지진희,1
지친닼,1
지평선,3
지푸라기,11
지품면,1
지피츠,1
지하실,1
지하차도,3
지하철,4
직격탄,2
직사각형,4
직수입,1
직업병,1
직장인,15
진국사,1
진남관,1
진달래,6
진달래꽃,1
진도개,1
진도군,4
진도대교,3
진도리,5
진도아리랑,1
진도읍,1
진돌이,1
진돗개,1
진두선착장,1
진라면,1
진로소주,1
진보면,1
진부령,1
진부면,1
진서면,5
진실게임,1
진실성,1
진안고원,2
진안군,21
진안읍,3
진안현,1
진압군,1
진압할,1
진양호,2
진위면,2
진저리,1
진절머리,1
진접읍,1
진주시,6
진주읍,1
진진스,1
진짜루,4
진짜진짜,6
진천군,1
진천읍,1
진해구,2
진해군항제,1
진해대로,1
진행자,2
진행중,17
진행형,2
진호야,1
진홍색,1
질겅질겅,1
질식사,1
질퍽거릴,1
짊어지,2
집강소,2
집들이,12
집라인,6
집무실,1
집배원,1
집사람,2
집안일,4
집주인,2
집펜션,1
징글징글,1
짚라인,13
짜임새,1
짜장면,60
짜파구리,3
짝사랑,2
짝숫날,1
짝짓기,1
짝짝이,1
짬짜면,3
짭조롬,4
짭짜롬,1
짭짜름,2
짭쪼금,2
짭쪼롬,11
짭쪼롭,2
짭쪼름,14
짭쪼름달달,1
짭쪼름하,2
짭쪼름해,3
짱뚱어,3
짱아찌,7
짱이쥬,1
쨔쟈쟌,1
쩌렁쩌렁,1
쪼금쪼금하,1
쪼꼬맣,1
쪼꼬매,1
쪼꼬미,6
쪼꼬미들,2
쪼끄만하,1
쪼끄매,1
쪼르려,2
쪼매난거,1
쪼아대,2
쪼올깃쪼,1
쪼옵쪼옵,1
쪼재니,1
쫀득거리,2
쫀득쫀,4
쫀득쫀득,13
쫀득쫀득한,1
쫀득쫀득함,2
쫀득쫀득해,3
쫀득하,12
쫀득한거,1
쫀득한맛,1
쫀득함,3
쫀득합니,1
쫀득해,7
쫀득했으,1
쫀맛탱,2
쫀쫀커알못,1
쫀쫀탱글,1
쫀쫀하,2
쫀쫀하쥬,1
쫀쫀함,2
쫀쫀해,1
쫄깃쫄,5
쫄깃쫄깃,17
쫄깃쫄깃하,1
쫄깃쫄깃한,1
쫄깃쫄깃함,1
쫄깃하,8
쫄깃한,1
쫄깃한식감,1
쫄깃할,1
쫄깃함,13
쫄깃해,7
쫄깃했,1
쫄깃했다,1
쫄래쫄래,1
쫄았는데,1
쫘르르,1
쫘르륵,1
쫜득입니,1
쫜득쫜득,1
쫜득쫜득한,1
쫜득쫜득환상,1
쫠깃쫄깃,1
쫠깃쫠깃,1
쫠깃하,1
쭈글쓰,1
쭈꾸미,17
쭈르르,1
쭈뼛쭈뼛,1
쭈와아아압,1
쭈와압,1
쭈왑쭈왑,1
쭈우욱,2
쭈욱쭈욱,2
쭉쭉쭉,1
찌꺼기,6
찌뿌둥하,1
찍는뎈,1
찍어둘껄,1
찍어봤슴다,1
찍어쥬겐,2
찍엇쭘,1
찍었슴다,1
찍었슴돠,1
찍었쥬,1
찍은겈,1
찍혓어,1
찎어줘,1
찐으른,1
찜질방,12
찜콩해,2
차곡차곡,1
차근차근,6
차돌박이,5
차라리,20
차례대로,8
차림새,2
차림표,6
차별성,2
차셋트,1
차이나,1
차이나타운,1
차이점,6
차학연,1
차황면,1
착츱주스,1
찬무쌈,2
찬송가,1
찰보리,1
찰보리빵,1
참가인,1
참가자,1
참고문헌,1
참고자료,2
참기름,25
참나무,6
참나물,4
참붕어,3
참석자,1
참았더랬,1
참여자,5
참예우,1
참으로,45
참이슬,1
참전용사,1
참취속,1
참치회,5
찹쌀떡,4
찻그릇,1
찻주전자,1
창경궁,2
창녕군,1
창덕궁,1
창시자,1
창원시,5
창의력,1
창의성,1
창조주,1
창평면,2
창피해,1
창호지,1
찾겠넹,1
채끝살,3
채석장,2
채소우러,1
채송화,4
채송화꽃,2
책꽂이,1
챌린지숍,4
챠르르,1
챱챱하,1
처갓집,2
처용가,2
처용무,1
처음봤슘미,1
처음처럼,1
척화비,1
천고마비,1
천곡사,1
천관산,2
천도교,3
천만다행,2
천만배,1
천만원,1
천문관,1
천문대,7
천방지축,1
천신만고,2
천안문,2
천안시,7
천안아산역,1
천연기념물,18
천오백원,3
천왕문,21
천일염,4
천주교,11
천주교회,3
천지연,3
천지인,2
천지일보,8
천진암,3
천차만별,1
천체관측,6
천체망원경,4
천포항,1
천황봉,1
천황사,1
철도노선,1
철도역,2
철도차량,1
철버덕,1
철원군,4
철인왕후,2
첨가제,1
첨단과학관,4
첨부파일,10
첨성대,12
첫걸음,2
첫머리,2
첫인상,7
청각장애,6
청간정,1
청개구리,2
청경채,17
청계동,3
청계면,1
청계산,1
청계천,1
청구인,1
청국장,129
청귤맛,1
청귤차,13
청나라,4
청남대,4
청도군,3
청동기,2
청동기시대,5
청량감,22
청량리,1
청량리역,17
청량음료,2
청량청량날씨,1
청령포,1
청류암,2
청명절,1
청보리,6
청보릿골,6
청산도,7
청산면,1
청산유수,6
청샘골,21
청샘골제,1
청샘골청샘골,1
청설모,3
청소기,6
청소년,54
청송군,4
청양고추,15
청양군,4
청와대,1
청운면,1
청원군,3
청일면,1
청주시,6
청지기,5
청평셋,1
청포도,43
청하면,3
청호동,1
체감온도,1
체련장,1
체르니,1
체세포,1
체온계,4
체육관,30
체인점,30
체인지,6
체크아웃,20
체험학습,18
초가을,4
초가집,11
초고추장,5
초등학,1
초등학교,58
초등학생,18
초록빛,12
초록색,41
초롱꽃목,1
초롱조,2
초롱초롱,1
초롷구,1
초막골,1
초보자,2
초산동,3
초상권,7
초상화,4
초승달,3
초식동물,1
초여름,7
초월읍,1
초음파,1
초이스,18
초저녁,1
초지일관,1
초컬릿,2
초코우유,11
초코케익,7
초코쿠키,10
초코파이,2
초콜렛,11
초콜릿,14
초콜릿우유,2
초토화,1
초파리,1
초파일,2
초하루,2
촉촉겉바,1
촉촉쫀득,1
촌귀탱,1
촘촘하,3
총각김치,1
총감독,1
총동원,2
총지휘관,1
촤라락,1
촤르르,4
촤르르륵,1
촤르르륽,1
촥촥하,1
촬영장,3
촵촵찹,1
최경주,1
최고근,1
최고급,23
최고다,11
최고봉,10
최대한,38
최동석,1
최명희,2
최무성,1
최상규,1
최상급,3
최성수,3
최소한,2
최수민,1
최승진,1
최시형,1
최신영,1
최우수상,2
최익현,11
최인호,1
최작가,1
최재용,1
최재우,1
최적화,6
최전선,1
최정윤,2
최제우,3
최지원,2
최진영,1
최첨단,4
최치원,74
최태훈,1
쵸이스,1
쵹쵹하,1
추령재,1
추사체,1
추어탕,10
추웁네,2
추웁다,1
추월산,8
추전역,1
추진단,1
추추추,1
축구공,1
축구선수,2
축구장,10
축구화,2
축령산,8
축산물,7
축음기,1
축하공연,3
춘산면,1
춘천댐,1
춘천명동,4
춘천시,5
춘추관,2
출근길,7
출근시간,3
출렬사,1
출발점,6
출입구,9
출입문,20
출입통제,3
출장소,1
출퇴근,2
출퇴근길,2
출판물,1
출판사,1
충렬사,49
충렬왕,1
충무공,26
충전기,22
충정로,33
충정왕,1
충주시,9
충주호,1
충청남도,7
충청북도,1
충혜왕,1
충혼탑,9
충효동,1
충효문,1
취나물,3
취뽀해,1
취수원,1
취식일,1
취저였던,1
취준생,1
취했다,2
취했던,3
취했어,1
취했으,1
취헙니,1
취화선,2
취히선,1
츄러스,1
츄르릅,1
츄베릅,1
측정기,2
츤데레,1
층층나무,1
치드너낌,1
치루면,1
치마저고리,1
치맛살,1
치아바타,27
치악산,4
치와와,1
치즈떡볶이,4
치즈볼,13
치즈스틱,1
치즈케이크,46
치즈케잌,2
치히로,4
친구사이,1
친구여,1
친구쫑햐,1
친돈친산,1
친언니,2
친일파,1
친자연,1
친정엄마,9
친한척,1
친한친구,1
친화력,1
친환경,31
칠갑산,1
칠곡군,4
칠곡보,1
칠리소스,18
칠면조,1
칠백삼,1
칠보면,71
칠보산,37
칠천도,1
칠천원,2
칠층석탑,2
칠팔천원,1
침곡역,1
침례교회,5
침엽수,3
침팬지,1
칭구들,2
칭구들껀,1
칭맛임,1
카네이션,5
카니발,2
카라멜,36
카라반,64
카롱카롱,1
카메라,123
카모마일,3
카바레,1
카사바,2
카스테라,30
카스텔라,3
카스트제,1
카시트,2
카오팟,1
카와이,3
카운트,2
카운티,2
카운팅,1
카자흐,1
카자흐스탄,3
카자흐스탄어,1
카지노,2
카카오,36
카카오스토리,1
카키색,1
카테고리,2
카톨릭,1
카트리지,2
카페나,9
카페라떼,82
카페모카,7
카페인,92
카페인제,1
카페테리아,3
카펜데,1
카포네,3
카푸치노,5
카프레,4
카프리,1
카프리섬,1
칵테일,16
칸막이,25
칸영화제,2
칸칸이,1
칼국수,398
칼럼니스트,2
칼로리,12
칼제비,1
칼테콧,1
캄보디아,2
캐나다,3
캐리어,5
캐릭터,21
캐모마일,7
캐스터,1
캐피탈,2
캔디바,1
캔버스,2
캘리그라피,11
캘리그래피,2
캠퍼스,4
캠페인,18
캠프장,1
캠프파이어,1
캠핑러,2
캠핑장,216
캠핑카,9
캡숑짱임,1
캬라멜,6
캬캬캬,1
캬캬캬캬,3
캬캬캬캬오랜,1
커머스,1
커몬커몬,2
커뮤니케이션,1
커뮤니티,4
커미션,1
커버린껄까,1
커스타드,9
커스터드,7
커여웠던,1
커팅식,1
커플룩,2
커플룸,1
커플사진,3
커플샷,1
커플티,4
커피가게,6
커피믹스,1
커피숍,78
커피잔,7
커피전문점,30
커피집,2
커피콩,30
커피타임,4
커피포트,7
커피하우스,1
커피한잔,48
컨디셔너,2
컨디션,17
컨벤션,1
컨설턴트,1
컨설팅,9
컨시셔너,1
컨츄리,1
컨테이너,6
컨텐츠,8
컨트롤,2
컨트롤러,1
컨트리클럽,6
컬러링,3
컬러풀,1
컴백홈,1
컴퓨터,29
컵라면,9
컵케이크,3
컵홀더,15
컷팅하,2
케꿀팁,1
케에블카,1
케이드,1
케이블,15
케이블카,470
케이스,4
케이준,1
케이쿠,1
케이크,414
케이트,2
켈렉션,1
코끼리,3
코다리,29
코딱지,2
코란도,1
코레일,16
코로나바이러스,14
코리아,6
코멘트,2
코발트,1
코스모스,66
코스터,3
코스트,24
코스프레,1
코쓱머쓱,1
코엑스,1
코오롱,2
코웃음,1
코웨이,1
코코넛,14
코코몽,10
코코아,8
코코팜,1
코키아,1
콕마욘이,1
콘도미니엄,2
콘서트,3
콘센트,16
콘셉트,7
콘스프,1
콘치즈,2
콘크리트,7
콘테이너,1
콘텐츠,33
콜라보,11
콜럼버스,1
콜레라,1
콜레스테롤,3
콜센터,1
콤달콤,18
콤바인,1
콧구멍,6
콧노래,4
콧바람,6
콧바람쐴겸,1
콧소리,1
콧수염,1
콩가루,7
콩국수,100
콩나물,87
콩나물국,5
콩수니,8
쿠기들,1
쿠앤크,3
쿠크다스,1
쿠키앤크림,4
쿨옵불,1
쿰쩍쿰척,1
쿰척쿰척했어,1
쿵닥쿵닥,1
퀄리티,43
퀘스트,1
퀵서비스,1
퀵스냅,1
큐레이터,4
큐티뀨티,2
크라상,1
크라운,11
크라운맥주,1
크라제버거,1
크래커,5
크랜베리,14
크랜베리스,1
크러쉬,2
크런치,12
크레마,4
크레이프,8
크레인,2
크레파스,3
크레페,14
크레피,1
크렌베리,3
크렘브륄레,5
크렘브륄레한때,1
크로스,1
크로아티아,1
크로와상,123
크로켓,2
크로크무슈,1
크루아상,28
크루즈,2
크리머,1
크리미,4
크리스,8
크리스마스,26
크리스마스이브,1
크리스탈,1
크리스털,2
크리스피도넛,2
크리에이터,4
크리티,1
크림뷔릴레,1
크림브륄레,2
크림브릴레,3
크림소스,17
큭큭또,1
큭큭큭큭큭,1
큰소리,4
큰아들,4
클라스,6
클라우드,2
클라이맥스,4
클라이언트,2
클래스,28
클래식,15
클러스터,8
클레스,2
클렌징,1
클렌징폼,1
클로렐라,1
클로버,1
클로스,2
클로즈,1
클로즈업,2
클리어,46
클리프행어,1
클스천,4
킁카킁카어쩜,1
키로로,1
키츠네,1
키키킼,5
키포인트,2
킹오브,1
킹크랩,1
타겟팅,3
타고르,1
타당성,3
타당성조사,2
타러갔죵,1
타르트,19
타먹을껄,1
타슈켄트,7
타운하우스,1
타원형,1
타이밍,25
타이어,18
타이타닉,1
타이틀,29
타임랩스,2
타임머신,7
타임스,2
타임슬립,1
타임지,2
타임캡슐,1
타자기,2
타코야끼,3
타포니,2
타피오카,2
탁트인,9
탄도항,3
탄산수,8
탄산음료,3
탄수화물,8
탈바꿈,11
탈의실,3
탐나는도다,1
탐앤탐스,1
탐지기,1
탐진강,2
탑동동,1
탑산부,1
탑승객,1
탑승권,6
탑승동,1
탑정호,2
탕수육,319
탕슉도,1
태권도원,5
태극기,4
태극문,2
태극전사,1
태기산,1
태백산맥,2
태백시,2
태산사,41
태안군,18
태안면,2
태안사,2
태양광,13
태양빛,2
태양열,1
태인군,1
태인동,1
태인로,11
태인면,131
태종대,4
태종로,1
태창제,1
태평로,9
태평무,1
태평양,5
태항제,1
태화강,2
택한다,1
택했구용,1
택했다,2
택했어,1
탤런트,2
탬버린,1
터미날,1
터미네이터,1
터치스크린,2
터트려,3
터트려주셨,1
터트려진,1
터트린,2
턱관절,1
턴다면,1
턴테이블,4
텀블러,23
텀을두,2
텁텁하,2
텁텁하거,1
텁텁함,1
텁텁해,1
텁텁했던,1
텅텅빈,1
테두리,5
테디베어,1
테라로사,10
테리어,4
테스트,3
테이블자리,3
테이크,11
테이크아웃,109
테이프,3
테일러,1
테입블,1
테트리스,1
텍사스,1
텍스트,2
텐더부터옴뇸뇸,1
텐더위,1
텐데딱,1
텐데여긴,1
텐데조금,1
텔레비전,5
텔레비젼,1
텔레퐁,1
템플스테이,8
텨갔다역,1
톈진조약,1
토네이도,1
토닥토닥,2
토론토,1
토론회,26
토마스,1
토마토,69
토마토소스,7
토마토쥬스,1
토마호크,2
토박이,15
토산품,5
토성면,3
토스트,88
토양보전,1
토요일,92
토종닭,4
토킹토킹,1
토퍼보,1
토피아,4
토핑되어,1
토핑들,2
토핑많,1
토핑추,1
토핑하,1
토함산,1
톨게이트,3
톰과제리,1
톰소여,2
톱니바퀴,1
통계청,1
통나무,6
통도사,1
통삽겹,1
통신망,2
통신원,2
통실통실,2
통영시,4
통오징어,2
통일신라,10
통일전망대,1
통조림,1
통창뷰,1
통행금지,2
통행량,1
통행료,1
퇴근길,2
툇마루,3
투게더,1
투머치,1
투성이,5
투썸플레이스,18
투영기,1
투우사,1
투움바,1
투자자,3
투호놀이,3
툭하면,1
툴툴대면,1
튜닝하,1
트라우마,1
트라이앵글,2
트래블,11
트래킹,13
트랙터,1
트랜드,1
트랜디,1
트램펄린,1
트램폴린,2
트랭글,2
트러블,1
트러스,11
트러플,14
트렁크,1
트레이,4
트레이너,1
트레이닝,1
트레이드,1
트레이드마크,2
트레일러,1
트레져,2
트레킹,29
트렌드,13
트렌치,1
트렌치코트,1
트로트,6
트로피,8
트리스,1
트리트먼트,3
트리플,4
트리하우스,15
트위미,3
트위터,7
트윈룸,3
트윈룸이,1
트윈스,6
트윈형,6
트윈형가족룸,1
특공대,3
특교세,1
특목고,3
특별대우,1
특별무대,2
특별회계,3
특산종,2
특선영화,1
특쌍화차,1
특유맛,1
특이점,3
특장점,2
특특특특,1
특허청,5
특화된,4
특효약,1
특효였네,1
틈틈이,4
티격태격,2
티격태격하,1
티너스,7
티너스바,1
티라노,1
티라미수,85
티라미슈,36
티모시,1
티브이,6
티셋트,1
티숨숲,1
티스푼,3
티켓팅,2
티타임,8
티파니,1
티포트,1
파김치,25
파나마,1
파나메라,1
파노라마,11
파니니,56
파도타기,1
파라다이스,1
파라솔,59
파란색,12
파란하늘,6
파랑새,13
파렛트,1
파르니,2
파르페,3
파릇파릇,3
파리바게트,12
파리지옥,1
파브르,3
파블로,2
파블로바,13
파사드,3
파스퀴,2
파스타,224
파스텔,9
파슬리,10
파우더,16
파우스트,1
파우치,9
파운데이션,1
파운드,94
파워블로거,7
파이어,1
파이팅,2
파인드,2
파인드룸,14
파인애플,22
파주시,3
파출소,5
파충류,2
파킨슨씨병,1
파트너,3
파티룸,1
파티션,14
파티쉐,1
파파야,2
판매점,6
판매촉진,1
판부면,1
판소리,5
판화가,1
팔각정,11
팔경이,1
팔공산,6
팔다리,1
팔달로,2
팔당댐,1
팔덕면,1
팔로우,11
팔롬비,16
팔방미인,1
팔보채,1
팔봉산,8
팔색조,1
팔영산,1
팔정도,1
팔천원,2
팜플렛,3
팥배나무,2
팥빙수,27
패랭이꽃,1
패러글라이딩,28
패러다임,2
패러일번,1
패밀리,10
패션후르츠,37
패스츄리,1
패키지,14
패키징,1
패턴러그,1
팩토리,1
팬데믹,3
팬션차,1
팬카페,4
팬케이크,3
팬케익,2
팸투어,1
팸플릿,5
팽개쳐둔,1
팽나무,3
팽이버섯,8
팽이치기,5
퍼뜨리,1
퍼레이드,6
퍼먹던,1
퍼먹어,1
퍼묵퍼묵,1
퍼부으,1
퍼블리셔,1
퍼센트,5
퍼스트,1
퍼왔다,1
퍼왔음,1
퍼플뮬리,1
퍽퍽함,2
페러글이딩,1
페레로로쉐,1
페르시아어,1
페르시안,1
페메그룹,1
페스트리,1
페스티벌,4
페이도,1
페이보릿,2
페이스,4
페이스북,14
페이스트리,1
페이지,16
페이크,1
페이퍼,43
페인트,3
페트병,1
페퍼민트,13
펜던트,1
펜션콕,1
펜트하우스,3
펠리체,2
펩시콜라,1
펫도면,1
펫로스,1
펫자수,3
펫카페,1
펫티켓,1
펫팸족,1
펭구리황님픽,1
펭구리황픽,1
펭귀니최찡,1
편두통,1
편백나무,20
편안함,21
편의점,70
편지지,2
편집국,1
펼쳤드랬다,1
평균속도,1
평림댐,1
평상시,8
평안도,1
평안북도,1
평일도,3
평창군,5
평창올림픽,1
평창읍,1
평택시,4
평화동,1
평화의댐,1
포근포근,1
포대자루,1
포도나무,1
포도주,2
포도쥬스,1
포동포동,1
포두면,1
포레스트,24
포르쉐,1
포르투갈,3
포르투갈어,1
포비아,10
포스터,23
포스트,22
포스트잇,3
포슷힝,4
포식자,1
포에버,1
포유류,5
포인터,1
포장마차,7
포천시,1
포카리,1
포커스,3
포켓볼,6
포크레인,164
포클레인,1
포털사이트,2
포테이토,5
포토샵,4
포토죤,1
포트폴리오,4
포항시,7
포화상태,3
포화지방,1
폭닥폭닥,1
폭포수,2
폴딩도어,4
폴라로이드,4
폼클렌징,2
퐁신퐁신,3
퐁포유,2
표고버섯,4
표선면,1
표지판,47
표충사,1
푸드코트,2
푸루입니,1
푸르딩딩,1
푸르렀던,1
푸르른,37
푸르름,16
푸르스름,1
푸른빛,2
푸른색,7
푸른잎,1
푸릇푸릇,63
푸릇푸릇봄바,1
푸릇푸릇예쁜,1
푸릇푸릇하,10
푸릇푸릇한,1
푸릇푸릇함,3
푸릇푸릇해,1
푸릇푸릇했어,2
푸릇한데,2
푸릇할,1
푸릇함,3
푸릇해,1
푸짐스,1
푸짐하졍,1
푸쳐핸접,1
푸하하하,1
풀내음,4
풀무원,1
풀셋팅,1
풀펜션,1
품었긔,1
풍경사진,6
풍경화,4
풍남동,1
풍남문,5
풍납동,1
풍력발전,2
풍물패,1
풍산읍,1
풍선껌,1
풍수지리,2
풍요롭,1
풍천면,4
퓨대폰,1
프놈펜,1
프라이,19
프라이드,1
프라이머리,1
프라이버시,2
프라이어,3
프라이트,1
프라자,2
프라페,4
프라푸치노,9
프라하,2
프란치스코,2
프랑스,22
프랑스혁명,1
프랜차이즈,24
프런트,1
프레임,7
프레즐,5
프레첼,5
프렌드,1
프렌즈,4
프렌차이즈,3
프렌치,16
프렌치토스트,23
프로도,1
프로모션,4
프로방스,24
프로슈토,1
프로젝터,5
프로젝트,17
프로패셔널,1
프로필,21
프론트,5
프론트엔드,1
프롤로그,4
프루스트,2
프리랜서,1
프리미어,1
프리미엄,25
프리뷰,1
프리스비,1
프리타타,2
프린스,1
프린터,11
프린트,1
프린팅,2
프릳츠,11
프릳츠꺼,1
프릳츠꺼네,2
프릳츠원,2
프릳츠커피,1
프와넬,2
플라보노이드,1
플라스틱,23
플라워,136
플라잉체어,1
플래닛,11
플래카드,3
플랜카드,3
플랜트,3
플랫폼,12
플랭카드,1
플러스,12
플러워,1
플레닛,1
플레이,23
플레이스토어,1
플레이어,2
플레인,35
플레인스,1
플레일,1
플레즐링입니,2
플레처,1
플렉스,4
플로리다,3
플로리스,1
피날레,3
피드보,1
피라미,1
피로연,2
피료확,1
피부염,1
피순대,2
피스타치오,9
피아골,2
피아노,40
피어리,1
피우지,1
피잣집,1
피카소,25
피카츄,3
피콜로,12
피크닉,36
피크타임,1
피톤치드,3
피포페인팅,1
피향정,166
픽다음,1
픽했어,4
픽했어영,1
핀란드,4
필기구,2
필라프,8
필수요소,1
필수품,2
필암서원,12
필요성,3
필요시,2
핏자국,1
핑꾸핑꾸,1
핑쿠핑쿠,1
핑쿠핑큐,1
핑크뮬리,20
핑크뮬리앞,1
핑크색,7
핑크팬더,7
하겐다즈,1
하겠슴,1
하고쿠앤크,1
하나고,2
하나님,3
하나라,1
하나로,51
하나로마트,4
하나요,5
하남면,1
하남시,5
하네스,3
하네욤,1
하눈뎁,1
하늘다람쥐,3
하늘만,4
하늘빛,2
하늘색,7
하늘소,2
하늘아래,1
하늘정원,3
하동군,2
하렵니,1
하루아침,1
하루하루,7
하룻밤,15
하리보,1
하모니,6
하물며,3
하반기,10
하서면,1
하성면,1
하셨더랬,1
하셨슴미,1
하소연,1
하슈들,1
하슬라,1
하악하악,2
하얀색,17
하얼빈,1
하얼빈역,1
하여튼,4
하영아,1
하옇튼,1
하와이,18
하우리,1
하우텍,2
하원시,1
하으니,2
하이네켄,1
하이라이트,17
하이랜드,1
하이면,1
하이에나,2
하이테크,1
하이틴스타,1
하이패스,1
하천인,1
하청면,1
하하호호,2
하회탈,1
하효항,1
학교생활,3
학봉리,1
학부모,2
학부형,2
학사모,2
학산로,188
학생복,1
학생증,1
학습원,1
학습자,3
학습장,3
학용품,2
학창시절,7
한가운데,13
한가위,1
한가지,32
한강로,1
한겨울,5
한국말,3
한국사,1
한국어,3
한국영,2
한국음식점,1
한국인,25
한국전력,1
한국판,1
한그루,4
한글날,7
한기대,1
한나절,2
한라봉,5
한라산,6
한림읍,2
한마디,16
한마음,3
한명인,8
한민족,3
한바탕,3
한반도,12
한방약,1
한밭수목원,1
한번등굣날,1
한벽루,2
한상태,1
한석봉,2
한송이,13
한수면,3
한순간,1
한식당,5
한아름,2
한약재,36
한양도성,2
한여름,23
한예리,2
한우물,1
한의사,1
한의원,1
한인애국단,2
한일병합,1
한자리,9
한정식,53
한정은,1
한정판,1
한탄강,2
한태연,3
할께욤,1
할당량,1
할라피뇨향,1
할로윈,4
할로윈데이,1
할리스,1
할머니,113
할머님,3
할아버지,27
할어버,1
할인점,1
함낭로,1
함박꽃나무,3
함박눈,5
함박스테이크,5
함백산,1
함부로,6
함안군,1
함양군,5
함창읍,1
함평군,3
함평읍,1
합격자,3
합격자발표,1
합겹점,1
합니닼,2
합니댜,3
합성사진,2
합성어,3
합창단,1
합천군,6
합천읍,1
합천호,1
핫눈데,1
핫도그,18
핫스팟,6
핫초코,1
핫케이크,1
핫플답쥬,1
항공권,1
항공샷,9
항공우주,2
항노화,3
항산화,1
항생물질,1
항아리,17
해결사,4
해남군,6
해남읍,1
해너미,1
해넘이,12
해돋이,6
해룡면,1
해리면,1
해맑조픽,1
해물전,16
해물짬뽕,4
해물찜,25
해물파전,16
해미면,1
해미읍성,1
해바라기,36
해바라기씨,10
해발고도,1
해보쟈앙죽초액,1
해봐랏,1
해부럿,1
해브러,1
해삐그,1
해산물,36
해상도,1
해서웃픈,1
해수욕,5
해수욕장,96
해시태그,5
해안가,6
해안동,1
해안로,3
해안선,2
해야쥬,1
해왓는데,1
해외여행,15
해우소,1
해운대,3
해운대구,3
해운대해수욕장,2
해인사,1
해일이,1
해장국,38
해조류,3
해주시,39
해질녘,8
해파리,1
해평면,1
해피뉴이어,1
해피니스,1
해피몽,1
해피빈,1
해햐할까,1
핵꿀맛,2
핵더움,1
핵존맛,1
핸드폰,45
햄버거,10
햄버그스테이크,1
햇답니,1
햇살아래,1
햇습니,2
했는뎈,1
했던스,1
했슘미,1
했슴다,9
했습니닼,1
했어욬,1
행방불명,4
행복감,4
행복지수,1
행자부,1
행정구역,4
행정명령,2
행정안전부,5
행주산성,1
향기도,10
향나무,2
향냄새,1
향신료,14
향신룐,1
향일암,4
향촌동,1
향촌민,1
향토색,1
향토음식,7
허가증,3
허겁지겁,11
허다해,1
허둥지둥,3
허름합니,1
허름해,4
허리띠,1
허벅지,1
허브아일랜드,8
허브차,7
허영만,10
허즈번드,1
허투루,1
허해진,1
허허벌판,2
헌안왕,1
헌책방,1
헛걸음,6
헛소문,1
헤드셋,1
헤럴드경제,2
헤롱대,1
헤링본,1
헤멧었,1
헤방이,1
헤벌쭉,2
헤세드,7
헤어스타일,1
헤이즐넛,26
헤이즐럿,4
헤이터,1
헤즐럿,1
헥헥거리,1
헬기장,1
헬로키티,1
헬스장,1
헬스할,1
헬요일,1
헷살존,1
혁명기념일,4
혁신도시,4
혁파비,2
현관문,1
현기증,1
현내면,2
현대어,1
현대인,5
현덕면,2
현미경,1
현북면,3
현서면,1
현수교,6
현수막,19
현악기,1
현충시설,1
현충원,1
현충일,1
현호색,1
협동조합,6
협소하,3
협소해,2
협소했,1
협소했다,1
협재리,1
협재해수욕장,1
협회장,1
형무소,5
형형색색,19
혜당정,3
혜자롭,1
혠돈혠산,1
혲꽁입니,1
호가든,1
호계동,1
호국원,2
호기롭,1
호기심,17
호남고,2
호남권,3
호남선,37
호남정맥,2
호남지방,2
호남평야,7
호놀룰루,1
호다닥,13
호두과자,6
호두나무,1
호들갑,6
호랍니,1
호랑이,13
호롱불,3
호르몬,1
호미곶,7
호미곶면,2
호미로,1
호밀빵,1
호박고구마,2
호박엿,1
호박죽,4
호반로,6
호불호,44
호사롭,1
호산집일책,1
호숫가,5
호스텔,3
호스트,5
호시탐탐,2
호오텔,1
호우경보,2
호주인,1
호준이,3
호치민,2
호캉스,11
호캉스맛집,1
호캉스했어,1
호텔룸,1
호흡기,3
혼밥러들,1
혼자놀기,1
혼잣말,1
홀라당,3
홀렌다이즈,1
홀로그램,5
홀릭이,1
홈쇼핑,2
홈파티,1
홈플러스,4
홋카이도,12
홍가시나무,2
홍계훈,1
홍대입구역,1
홍록기,5
홍명보,2
홍명희,2
홍범식,3
홍보물,4
홍블리,7
홍블리덕,1
홍뿌니,1
홍살문,22
홍상수,1
홍수조절,1
홍수지,6
홍어삼합,1
홍원항,2
홍주성,1
홍천군,15
화강리,1
화강석,2
화강암,4
화개면,1
화도면,5
화무십일홍,1
화물차,1
화봉리,1
화북면,7
화산면,1
화산암,1
화산폭발,2
화살표,10
화생방,1
화성시,5
화순적벽,2
화승총,5
화암면,1
화엄사,6
화요일,89
화원면,1
화원읍,1
화이트,153
화이트데이,1
화이트보드,1
화이트와인,1
화이팅,5
화장사,1
화장지,4
화장품,13
화전동,1
화전민,8
화진포,1
화천군,6
화천읍,1
화평군,12
화학조미료,4
확대샷,2
확성기,1
환갑잔치,2
환경과학,2
환경문제,2
환경부,37
환경오염,2
환경청,1
환경호르몬,1
환노위,1
환벽당,1
환절기,3
환풍기,2
활동가,1
활력소,1
활빈당,1
활성화,96
활엽수,2
황경신,1
황금비율,1
황금색,2
황금시대,2
황금알,1
황남동,2
황락리,1
황령산,1
황룡강,9
황룡면,1
황매산,6
황은아,2
황정민,19
황조롱이,2
황진이,2
황톳길,6
황해도,3
회가쫄깃,1
회남면,1
회동수원지,1
회령시,2
회룡포,1
회문산,2
회사법,1
회암동,1
회암사지,1
회의실,3
회전교차로,3
회전목마,8
회전초밥집,1
회차역,1
회초리,1
회화나무,2
횡단보도,3
횡성군,4
횡성읍,1
효자동,3
효자손,1
효충문,3
횽아들,1
후다닥,34
후덜후덜,1
후둑후,1
후라이드,14
후라이팬,4
후루룩,15
후루룹,1
후박나무,4
후반기,7
후보자,1
후속작,1
후유증,1
후훗이곳,1
훈련병,1
훈련소,3
훈몽재,22
훈제오리,1
훑어보기,1
훠이훠이,1
훼이보릿,1
훼철되,2
훼핑크림,1
휑했어,1
휘둥그레,4
휘둥그레하,1
휘핑크림,6
휠체어,6
휴게소,143
휴게실,6
휴대전화,1
휴대폰,19
휴먼시아,2
휴식시간,2
휴양도시,1
휴양림,4
휴양지,18
휴지통,4
흉내내,2
흐릿하,6
흐릿해,1
흐릿흐릿,2
흐물거려,1
흐물해,1
흐물흐물,1
흐트러,1
흑백사진,5
흑색공포단,2
흑석동,3
흑설탕,3
흑역사,2
흑임자,42
흔들렷,1
흘깃흘깃,1
흘러듭니,2
흙탕물,2
흥덕구,2
흥미진진,2
흥선대원군,7
흥얼흥얼,1
흥칫뿡,1
흥학재,7
희소식,1
흰구름,3
흰두루미,1
흰둥이,1
흰민들레,2
흰여울,1
히노끼,2
히든카드,3
히라가나,1
히로히토,1
히말라야,1
히말라얔,1
히브원,1
히비스커스,7
히어로즈,24
히히히,2
힌클랑,1
힙스터,1
힙시트,1
